"","DP063","DP108","DP123","DP137","DP138","DP140","DP151","DP184","DP195","DP206","DP229","DP235","DP237","DP064","DP132","DP147","DP173","DP099","DP102","DP107","DP122","DP124","DP126","DP129","DP139","DP143","DP157","DP179","DP192","DP193","DP197","DP096","DP106","DP112","DP114","DP117","DP152","DP162","DP167","DP169","DP174","DP176","DP208"
"Cer.40.1.2",-0.35548755145014,-0.450371225422756,-0.259093847272598,-0.468424918329745,-0.451526909459326,-0.321556690993393,-0.160160556102631,-0.418275165054748,-0.395960381318999,-0.564268370124055,-0.492082259896095,-0.506556228268409,-0.417269632550147,-0.52334011335059,-0.455333337925507,-0.458263575995571,-0.498345689766817,-0.418476066105525,-0.444210687904233,-0.355662554161923,-0.504979635760345,-0.325971933220186,-0.335753020055079,-0.291409935948686,-0.561475638973097,-0.416512392156309,-0.36487207986059,-0.517241862889205,-0.391374636400311,-0.460049345144675,-0.238982740339746,-0.453918982312731,-0.460893832938599,-0.439998027989235,-0.408522167829351,-0.272922873161831,-0.420142757847175,-0.506542458372101,-0.393172048584503,-0.422490511950383,-0.447772866251629,-0.549441462981288,-0.44423089357274
"Cer.40.2.2",-1.02459570962678,-1.10720507378341,-0.870371715917582,-1.06555617658682,-1.07409126230816,-0.849011582205961,-0.974702236946171,-0.958268311567772,-1.01998799217776,-1.20653283485958,-1.08356824703346,-1.25585376412305,-1.01683071105948,-1.31607405401925,-1.01812317881303,-1.04419403787567,-1.00553598831947,-0.946780390356948,-1.07693997817222,-1.06457912324766,-0.997535417892432,-1.00205570098361,-0.989210176388305,-0.923497782103415,-1.04208570568567,-0.941876736660776,-0.895072639026565,-1.103363914786,-0.8372161500846,-0.970356905377747,-0.870660781425317,-1.06607859578885,-1.08770699186512,-0.887852898606601,-0.983439083342895,-0.842797933332177,-1.0926157230318,-1.07268090406637,-0.938217535330359,-1.0063858657745,-1.07562628574286,-1.15731566435286,-0.837080270297002
"Cer.42.1.2",-0.0642561210296887,-0.000536964157562066,0.200748450510217,-0.00514856159885642,0.0501933125779239,0.10953834903526,0.15668521299027,-0.0188814140219346,0.000337125709728403,-0.110022419687399,-0.0175996253762911,-0.0119300847033524,-0.00160623671641092,0.0516588989499505,-0.0357879808720774,-0.0109163645811484,-0.00988275300927152,0.0127365574454424,0.00179960291645145,0.0762686603658976,-0.00808267038042826,0.118304932589103,0.194690328733735,0.148000554804319,-0.138413929465568,-0.0993140503276288,-0.0472612269442382,0.0283042669037264,0.0180965296843806,-0.00734187584695395,0.136522570179696,0.0277027841010456,-0.0457626245276348,0.0178807560304352,0.0226862245763104,0.176797098568,-0.00561241002964749,-0.0400015450415702,0.0255760325463482,0.0247318316881977,0.0363321930340507,-0.00327735727156022,-0.174455307153382
"Cer.42.2.2",-0.0679096991842537,-0.132324937668543,-0.014459882442931,-0.164275481742242,-0.131090394091293,-0.0914902500361789,-0.389619750015669,-0.191408612550486,-0.112692118805445,-0.240681659225172,-0.145789363434487,-0.267941940801846,-0.0898789476466004,-0.269368665660464,-0.136254716673821,-0.158673900657279,-0.171198566260699,-0.123140997840646,-0.0903849490065436,-0.137479577493588,-0.1794033378463,-0.124678848358733,-0.1378556071628,-0.0322867289410999,-0.100714247648479,-0.213053093884497,-0.0062310342179279,-0.115001498542229,-0.146995416687228,-0.166696161778297,-0.0460376168344871,-0.0955415716501457,-0.259477322066543,-0.0704836420587216,-0.0819886069146827,-0.109532047646208,-0.224647418866958,-0.152279845172128,-0.112188037157991,-0.11257303209293,-0.163883276493443,-0.0368519527352537,-0.0105023780839794
"DAG.18.1.0.18.1.0",0.600055620340671,0.523073693110562,0.490697520626528,0.316290999013705,0.31294517401997,0.49746976533521,0.350887807154244,0.257704019082804,1.58550000064589,0.377779755143339,0.370759594348485,0.281841740269526,0.481304409010618,0.441773451243634,0.339579460063035,0.448185640059953,0.444395200711537,0.63428279055431,0.689355277835239,0.620940459322985,0.445747366974413,0.276665262596033,0.434312536835866,0.607552397584722,0.38842503718698,0.451581491631541,0.860530176828924,0.660804605390669,0.367496495025133,0.468710349036936,0.72518251974621,0.54346981729258,0.492950201292406,0.352318574970728,0.670049040477609,0.454956866754278,0.459800007592774,0.681492634151348,0.539571762385137,0.582824214615044,0.521051282915656,0.503170985100709,0.526607248361091
"LPC.16.0.0",1.12718891105526,1.25071995533421,1.1994715869203,1.26738313421673,1.26821412057344,1.32144715237285,0.807408347729402,1.04533371886924,1.15262496551951,1.18198718574875,1.09650202697102,1.07723471171664,1.1157272276093,1.02257278746792,1.18376425620445,1.04215680649887,1.21609217937249,0.984839865337723,0.741920762205311,0.745227347759422,1.30706500953659,0.854748731089796,1.05306224457215,1.1698635172542,1.16150411770328,1.243202578236,1.14330331792564,1.08169133268185,1.114092992282,1.31391719260389,1.05684896343679,1.07833735293253,0.988939881035461,1.08705441014404,1.14962846866682,1.21920817519493,1.17599344121225,1.15235739051641,0.923509902080723,1.0474326067818,1.15938226828498,0.99296753292238,0.920768426672517
"LPC.16.1.0",-0.276150108888645,-0.389718352027039,-0.264674074732534,-0.185988807850421,-0.407763563304413,-0.0848412377910849,-0.608986311264943,-0.349915565886107,-0.174927391330921,-0.491027657593401,-0.20889957726814,-0.347243019210609,-0.358906743604019,-0.244999407472056,-0.442621824584429,-0.549758741765272,-0.452524685621165,-0.210899159057081,-0.413021859467292,-0.715667780298421,-0.331048128355088,-0.693173996794204,-0.216870313620056,-0.289647819413793,-0.209559385708663,0.315974904197054,-0.380266645695923,-0.0798732331067632,-0.505402529269885,-0.351521420394499,-0.3420779258491,-0.250111565022376,-0.457447230723841,-0.446640216527522,-0.450672792020918,-0.256128227249381,-0.281369366938838,-0.460907020874284,-0.672730739712593,-0.508643585368313,-0.415401416196487,-0.111035096768433,-0.216935107178287
"LPC.18.0.0",0.44893439509218,0.655010158333353,0.589146150959348,0.65819177005666,0.685586115347782,0.721999849215558,0.298507998985824,0.434560921127825,0.474108548840101,0.590014172839914,0.422407461103056,0.540686202530792,0.51021619354043,0.406858084269567,0.709223165936258,0.515273315871809,0.499028688280128,0.414819932481189,0.0535185631746746,0.167425161856283,0.704308918002461,0.188798444255506,0.403791556567443,0.560639346163186,0.521370222015304,0.433565793345051,0.477402560779697,0.439763388045643,0.485072583462776,0.66918866445732,0.43116989253232,0.494176764220882,0.400624007305643,0.533708800001303,0.590816971344136,0.645283763562081,0.627246031068656,0.589736966072474,0.322609516733675,0.47569284618993,0.582533306099373,0.423550195849128,0.250822509723809
"LPC.18.1.0",0.520994215036848,0.63097610973259,0.522888187067324,0.605988057444956,0.530151209173278,0.631505726333256,0.16758103898943,0.380255904523455,0.45577020486552,0.454617810868122,0.512726877581098,0.462461656150223,0.355321840192674,0.450845851955405,0.498250365795232,0.311937936507665,0.54887794996089,0.365072521451109,0.159051765844885,0.195764227699478,0.616623906597168,0.133164291156515,0.471822400002473,0.569222170055752,0.464496826486341,0.863363895317134,0.535119830293296,0.581715583526611,0.338528014001488,0.632434606835547,0.497262536428601,0.448909448427864,0.254630392500166,0.470014650960113,0.507391922232652,0.518802772595085,0.471121140055245,0.598804910713774,0.179345658868054,0.393519532858498,0.406722977916579,0.528559925160536,0.435025196467411
"LPC.18.2.0",0.45703787164508,0.610993944524353,0.6368672052159,0.652931326230574,0.665527403879028,0.619661409619838,0.0384499578471488,0.488156248008629,0.521087412292312,0.435416078048101,0.393119664978132,0.600900801212363,0.347277064542918,0.450204475455556,0.640313205472235,0.361450449960987,0.550855198115646,0.381630333882509,0.0510910537346039,0.204032837236808,0.742910801929544,0.271673296716832,0.478768642306629,0.60136588322451,0.542701716073264,0.237504410085368,0.475163422804536,0.326575287547279,0.418006705342338,0.89444871752111,0.408411990498837,0.365021791408177,0.3590056424816,0.469292691401,0.58400455257121,0.578547704507298,0.433771050670729,0.501375712325763,0.240415240817979,0.362605169490708,0.466184030679641,0.345018046024143,0.408349596756055
"LPC.20.4.0",-0.0290722854391033,-0.0715529941837773,0.0862093286837727,-0.0655811791196128,-0.0427668674945604,0.170462596516708,-0.358732557554824,-0.160802334222804,-0.173243450236543,-0.00864236846690419,-0.143184145903254,-0.387433190966384,-0.169274341352699,-0.0981340482653173,-0.093958916185614,-0.11468403118318,0.0909687386835665,-0.098899882666246,-0.22913693719823,-0.304226799367367,0.166450934306678,-0.404130142533255,-0.112256759449734,-0.00171664942448016,-0.214997006278102,-0.0558079714631155,0.0761979239744612,-0.0869193985411243,-0.0591548426980503,0.255636475183067,-0.213347315899266,-0.022594452123913,-0.248682736286557,-0.0134885479556622,-0.136329064324429,-0.238114469274172,-0.0679040098000104,-0.0493418698787407,-0.215605570827629,-0.316547469016911,-0.227341818394929,-0.346166277015435,-0.154967157418234
"LPE.16.0.0",-0.735789276188797,-0.526690708456071,-0.700040980994841,-0.464368081784476,-0.62514821321317,-0.561074923058356,-0.714384957863876,-0.680696157609766,-0.66100065745356,-0.605518367323888,-0.564890462885143,-0.672432723886782,-0.741437115626369,-0.666798297922292,-0.779927713747718,-0.91598431711023,-0.583745024098284,-0.627551008352612,-0.798017456495776,-0.883373727520722,-0.514209115332419,-0.933874163228185,-0.672953210381717,-0.729190209932981,-0.609551436545207,-0.611652094415965,-0.544119340840315,-0.571849259655182,-0.725572512611604,-0.563394870167979,-0.764711822306965,-0.655383771448668,-0.333299842676517,-0.792837189202843,-0.68041347874335,-0.552314341043365,-0.715555273993829,-0.778575745988325,-0.846453460349895,-0.53999030378833,-0.668311408124785,-0.835723846729816,-0.723158923727127
"LPE.18.0.0",-0.526904580235945,-0.39317110809365,-0.481460488856317,-0.395782907176457,-0.44693588487131,-0.297303266036413,-0.395693210102253,-0.518987365483454,-0.560695523783234,-0.420476294875374,-0.491173631235576,-0.583566001809833,-0.56377368665049,-0.543967205233078,-0.547315894538856,-0.558874609154082,-0.392678373052544,-0.509819072719366,-0.765318510579547,-0.697660401711211,-0.394935148805721,-0.708883828233037,-0.573595353272471,-0.425754443013051,-0.594706957484073,-0.506733195410295,-0.396690702093302,-0.498968989108243,-0.546260697035827,-0.446500344385668,-0.488093089906229,-0.49348523656168,-0.429557336681651,-0.445959460049941,-0.526509359410386,-0.402229156283411,-0.439985261345267,-0.427231250647991,-0.611460030303577,-0.478158144779367,-0.500203824479605,-0.494090651699299,-0.841088622188378
"LPE.18.1.0",-0.562129750687014,-0.441888089456673,-0.599645697517916,-0.486525684223507,-0.686737760110149,-0.598282067238123,-0.615811481620126,-0.697119028317441,-0.608627411376284,-0.710686918760717,-0.508739123626285,-0.634592007265942,-0.739053790649742,-0.610708113865017,-0.694392435474608,-0.72894429062988,-0.475302960813667,-0.553738926288251,-0.769666377344883,-0.792403233402384,-0.786616642385686,-0.824929447538032,-0.603472999023947,-0.537639839398134,-0.645979743978617,-0.19746241844566,-0.555309457340744,-0.382683671523708,-0.741868912571974,-0.393530562886381,-0.503386429027216,-0.61244130258528,-0.517913309327827,-0.675481217917959,-0.618491941641342,-0.544324158787082,-0.600183332652524,-0.559400102851673,-0.763466980853268,-0.591424546956843,-0.594079965281511,-0.343835864053556,-0.718908355967572
"LPE.18.2.0",-0.614368470083012,-0.315164734835054,-0.357586806587259,-0.235561158156154,-0.378761700237425,-0.440097297248148,-0.681966933412113,-0.445694984221787,-0.330786850417402,-0.649521045484027,-0.338490805466807,-0.364425750204428,-0.683784820955293,-0.455045763805122,-0.366916440130072,-0.621933481584659,-0.419291235899974,-0.439308907081735,-0.65120318406327,-0.621180325972947,-0.504301381887061,-0.66578185693511,-0.515309351881559,-0.431295429169936,-0.492595661901444,-0.353112278335852,-0.353526750904824,-0.41536339234952,-0.691592888115896,-0.205372613625305,-0.345469818339714,-0.468188152265724,-0.467446587132009,-0.512052046347756,-0.262987237792527,-0.17200570172904,-0.478150117794433,-0.327679742326145,-0.621692800832324,-0.444997143055655,-0.333774845317573,-0.399235502884171,-0.775795386934493
"LPE.20.4.0",-0.432106340911095,-0.334377654254939,-0.40529814694841,-0.295692664130185,-0.445087282194132,-0.179739334169867,-0.434362402987807,-0.429640856238626,-0.356419591033416,-0.443313299189967,-0.328340094621688,-0.377596678335752,-0.724621108775155,-0.476267818960828,-0.407999593893558,-0.469623357689301,-0.270350839731853,-0.300593097567895,-0.516602727526909,-0.510436598379476,-0.453834677778377,-0.652033253840858,-0.490084528739842,-0.321473779088133,-0.476403829451681,-0.226512271828579,-0.229118268601193,-0.286994680696412,-0.524844476943446,-0.11258537742085,-0.26185537902735,-0.344770511288002,-0.634003447459598,-0.362728907737694,-0.395278996421292,-0.363676549847655,-0.357156235362818,-0.258145323584964,-0.429445193808697,-0.46012337985127,-0.455900241885937,-0.0851887880720937,-0.318455874600262
"LPE.22.6.0",-0.4466731717372,-0.517148562381497,-0.513884712394188,-0.242359354523945,-0.514644362989775,-0.282200509860861,-0.773007644827624,-0.668248426596797,-0.56547725716989,-0.520980003943611,-0.35953546767349,-0.575739766295848,-0.597461037413627,-0.59688399472993,-0.551852033253477,-0.64688180072861,-0.265159045580952,-0.414905816810345,-0.464105732109966,-0.435251108320276,-0.35059940234175,-0.856287855713224,-0.666972898310297,-0.642130339236635,-0.550450368261271,-0.71344114220709,-0.377452903278502,-0.447764172000885,-0.277003588994619,-0.341556177653037,-0.504871091508662,-0.40978694433096,-0.504637638115738,-0.402370166375308,-0.491551425568983,-0.499756648617947,-0.460986266850605,-0.364225751975315,-0.456325703993369,-0.58285151291425,-0.439560308285357,-0.671718495144402,-0.750415739421571
"PC.O.16.0.0.16.0.0",-0.880185316491063,-0.264775494644156,-0.80926801157429,-0.568750307808344,-0.646604980679281,-0.762795045258017,-0.428869971306147,-0.442828202177256,-0.459258048888291,-0.554381586857631,-0.283871840546172,-0.502263143609252,-0.55585951217343,-0.797854770505954,-0.773861872985702,-0.527961674518176,-0.506620897136984,-1.08397720474155,-0.697085258673504,-0.94950019456573,-0.486035928473553,-0.860066622242104,-0.754411763338655,-0.624803997336744,-0.483258322150102,-0.529900095994555,-0.815813373071536,-0.824442363690605,-0.853950100326987,-0.831181231310767,-0.754930308590823,-0.699667316925699,-0.807464190311354,-0.526175561016508,-0.582959839503509,-0.510935953015829,-0.708089726702634,-0.681704124640071,-0.566488923668065,-0.625554174875649,-0.612737995208949,-0.597190560301378,-0.536648889195245
"PC.O.17.0.0.15.0.0",-1.21887343351455,-1.01976239313815,-1.25710247997514,-1.14327893589838,-1.35639890471534,-1.1299399575486,-1.13349257141564,-0.825586592391424,-0.961313321118834,-1.22566404299852,-0.951597154286957,-1.16742944595522,-1.00812859581538,-1.3269333573232,-1.40495179337587,-1.22534488111622,-1.70299052270657,-1.56572933876056,-1.29169593851017,-1.57332736528,-1.17792248468871,-1.43554848636252,-1.31347049486577,-1.15701480371884,-1.23448845095389,-1.72059847524088,-1.78356566777045,-1.69248747139405,-1.33200126763258,-1.33634140244143,-1.29589399174277,-1.31397334027187,-1.15306839654112,-1.30625584532739,-1.8606182414469,-0.934058357081968,-1.07069410939202,-1.54064505767885,-0.925135786273603,-1.09137683029508,-1.02919076763648,-1.63257407674528,-0.979208422292845
"PC.O.18.0.0.14.0.0",-0.326521157852849,-0.216449524086578,-0.395793687899719,-0.393105195389183,-0.485207059517906,-0.255347217965821,-0.523729150243198,-0.514536200777327,-0.272775567495036,-0.398941014465038,-0.236115230543817,-0.466656526958163,-0.308038647668757,-0.412607258018567,-0.501581853345022,-0.352142571283935,-0.233516366037426,-0.387379863532827,-0.438930539448304,-0.755120770581532,-0.2565781358642,-0.470264108070556,-0.376979439920832,-0.212835347084902,-0.254522536007957,-0.0723538909991063,-0.605127048845398,-0.356990678852032,-0.440208413026211,-0.254286010051838,-0.461067012706918,-0.259967146559101,-0.707366274960227,-0.279922135815613,-0.364847568760543,-0.491981947188039,-0.364864811967905,-0.423927989467555,-0.382005737442316,-0.459065348636946,-0.346789839422521,-0.41880382196288,-0.241613743146849
"PC.O.16.0.0.16.1.0",-0.795517698825894,-0.685778243718761,-0.747452415770302,-0.635776518173273,-0.891211971946064,-0.763864371258446,-0.761016205115234,-0.773185159654471,-0.47506500089406,-0.820499933581997,-0.374005734835452,-0.715107632226598,-0.615618816839269,-0.714530808991698,-1.1311398487879,-0.89779294583099,-0.710058231288721,-0.800656581821254,-0.810443011782506,-0.852922524585668,-0.596525753640982,-0.820510582594432,-0.630282070728539,-0.581549433510217,-0.616288454829542,-0.277874858042585,-0.688658048981905,-0.563040663562896,-1.27298823735017,-1.11722305440832,-0.93920719536602,-1.1826875103342,-0.919828641004543,-0.631503973924555,-0.866719886071835,-0.740446346411787,-0.718371998556664,-0.704760994964246,-1.14483903061235,-0.857807472298538,-0.701140994440311,-0.573924328141012,-0.559588091142573
"PC.O.16.1.0.16.0.0",-0.293098893548519,-0.123003227163639,-0.279061347656023,-0.21823778463208,-0.312400360208545,-0.371323774259442,-0.5396875398385,-0.30541480066369,-0.259926539012918,-0.264569602693687,-0.192982881644912,-0.103273586035145,-0.288808115040182,-0.414580428195118,-0.352403918921281,-0.440991118826709,-0.121551897878951,-0.232631285590801,-0.344904029759867,-0.401910689261933,-0.163753605557219,-0.409402138211603,-0.364465893402216,-0.237242949082538,-0.200722154435057,-0.318432167090483,-0.448870397030568,-0.289181647447609,-0.358377782669,-0.331372861507309,-0.580342108355249,-0.377310515595057,-0.625832012417791,-0.144027808803091,-0.32609910066861,-0.432816518755795,-0.290467172983969,-0.221176975447329,-0.427918057134656,-0.347609379489715,-0.228159342427934,-0.256949476930848,-0.455665704782262
"PC.O.16.0.0.18.1.0",-0.205319125880375,0.0207258787844006,-0.262274607059851,-0.249454238824995,-0.346011081560919,-0.22619552792137,-0.277775498233586,-0.185198648232854,-0.167809654094881,-0.153310731670077,-0.0284173899496458,0.0136661067480263,-0.208686506986886,-0.240140530469327,-0.292242195925396,-0.328890597219393,-0.0749710544101352,-0.406761993957911,-0.362731054342549,-0.413624424726439,-0.119225076320124,-0.37613113058207,-0.199011114559956,-0.196097160456418,-0.12495245737199,0.00324729787059005,-0.567083938046885,-0.105865183076863,-0.422782914729201,-0.525002342381061,-0.270435578279337,-0.270937528791782,-0.434658512489349,-0.115168833231631,-0.24635563786631,-0.386934446514191,-0.283568315573641,-0.277662529371829,-0.172343060932056,-0.255404123400107,-0.274852524344773,-0.0738730631344652,-0.0492081082345692
"PC.O.17.0.0.17.1.0",-0.844938411877416,-0.877496540624097,-0.93852338930265,-0.896640544796085,-1.17039284665234,-0.968390428993801,-1.05652559380979,-0.91774928252972,-0.722118346233578,-1.02437278692334,-0.64312804130093,-0.914560058850776,-0.971524959893357,-0.886928913926018,-1.13073387790079,-1.21453101476959,-1.03709775317713,-1.05958015610851,-1.20278923266626,-1.14283982008076,-0.973750383495475,-1.05826606643627,-0.806204279268083,-0.784185929559623,-0.858821368567337,-0.776147283676051,-1.45979189128267,-0.97141672735605,-1.1124863289718,-1.25115275000509,-1.00141230372969,-1.1923944435904,-1.01380027978848,-1.03290636273099,-1.2651820427469,-0.909569058585374,-0.818252521275306,-1.08847103619489,-0.873562062636502,-1.03119342927546,-0.939199101609617,-1.07192508035761,-0.743408285975728
"PC.O.18.0.0.16.1.0",-0.820499993799527,-1.62693882803064,-1.25192989104001,-1.17098176389171,-1.54318583740597,-1.0323811912643,-1.25721300664087,-1.40398637212103,-1.08661219064092,-1.24576766920021,-1.0906474580858,-1.04017358293807,-1.2778257290344,-0.954740451511683,-1.88485703750652,-1.68639702232621,-1.36834680946159,-1.03824668005747,-1.42946898133648,-1.2286614213604,-1.76621149613948,-1.39861357958469,-1.09964511850706,-1.2551216794202,-0.908828977131703,-0.730685460759422,-1.46753448153665,-1.26991860107757,-1.32840014175537,-1.23835747196533,-1.42401275478678,-0.809353286157468,-1.58054472219395,-1.2421262689032,-1.74293796499098,-1.53385497659486,-1.25473239948582,-1.34606961142917,-1.23249082278287,-1.48218164640309,-1.33315359568386,-1.1144606528629,-1.15656298066617
"PC.O.18.1.0.16.0.0",-0.410220311425893,-0.252543523995423,-0.514365324392934,-0.458317800327145,-0.531700798239247,-0.528071331356869,-0.425599143581193,-0.418858662935089,-0.384124803798128,-0.316611529316469,-0.297962304204774,-0.121083764736937,-0.479328795045967,-0.489938661607494,-0.544004380204771,-0.468505518304529,-0.164969905489564,-0.609901308366715,-0.646275309236715,-0.637871546093424,-0.350164946863405,-0.602753608193723,-0.434053791730597,-0.488841485851867,-0.272736784360867,-0.224769135352334,-0.861621134216328,-0.391822731357543,-0.646356191477863,-0.784904788329039,-0.534346966071759,-0.463632562005708,-0.682965373270804,-0.358758031934315,-0.443243881499316,-0.700258610806885,-0.515985385073259,-0.620206868249104,-0.36461690566655,-0.492511342208826,-0.516514184718187,-0.292865092544671,-0.269824951567881
"PC.O.16.0.0.18.2.0",-0.0894494236406343,0.144271264036376,-0.0654083971517332,-0.0169953944544676,0.0146502678176741,-0.0365560343620897,-0.0798106864526578,0.27181822400533,0.175925507859888,-0.140045910957422,-0.10365381340466,0.217898139279056,-0.0422497343918524,-0.0279397461175818,0.164411001172627,0.0265105293072169,-0.0963904204091792,-0.308456161440107,-0.447737706587678,-0.313441705041352,0.141929788793795,-0.172033333608405,-0.0636654140850131,0.0460803970746101,-0.0173010913777226,-0.385547403099234,-0.422695246223771,-0.0818101408340211,-0.195121245624803,0.00624485885828134,-0.013599953438019,-0.167937630078309,-0.141502209845204,0.0207770971379949,-0.00289729753453237,-0.0823866886821149,-0.196729695385839,-0.0935414003299498,-0.0680000650480473,-0.142535622154931,-0.0351941807551754,-0.00887203894749082,0.0237401992437903
"PC.O.16.1.0.18.1.0",-0.552562829219003,-0.389309229061542,-0.740642718103428,-0.608223390624293,-0.681902622173761,-0.613000959073964,-0.566936385704718,-0.503243744066195,-0.556581254199173,-0.76758056814495,-0.606506685650228,-0.389043316719786,-0.701509949326842,-0.506251772144547,-0.660593523713001,-0.738739952203307,-0.681044236601283,-1.06736975155725,-0.897289063694588,-0.9109548976341,-0.527297119287992,-0.892769755473162,-0.551843778245202,-0.562101272312858,-0.659496153726867,-0.442664114156137,-1.09831312027469,-0.380379959247323,-0.893935083024181,-0.780693428046503,-0.754566965052424,-0.619641866952353,-0.924756279198399,-0.433195591070966,-0.682765996990951,-0.881939677856644,-0.782135287051698,-0.592539729455724,-0.826349442610981,-0.734863297925058,-0.751828934491782,-0.312943053056279,-0.689696093113135
"PC.O.16.2.0.18.0.0",-1.13114166193717,-1.13135210071164,-1.36173019794832,-1.10195060147732,-1.32912179124306,-1.23583857919764,-0.673755862583308,-1.25378047782293,-1.05078000999511,-1.86475521120732,-1.30844980461131,-1.25694787126994,-1.41644761747628,-1.4969804527793,-1.27001574547481,-1.00534130103737,-1.25461913225328,-1.4665604985144,-1.20617893764608,-1.42777790000738,-1.25695249131242,-1.26692253538312,-1.24179422779305,-1.16616833836394,-1.29112873967566,-1.1512464141439,-1.40834951518951,-1.18443906548751,-1.38609330085982,-1.19507272422648,-1.10856975825011,-1.16064097351347,-1.36803415596237,-1.24257512128046,-1.33238501921793,-1.31860673389176,-1.72219277339512,-1.2624453881462,-1.19985015528819,-1.29280169258845,-1.78254642838476,-1.26301226041544,-1.16011990720148
"PC.O.17.2.0.17.0.0",-1.28932284932007,-1.08654991539206,-1.48729074198027,-1.37993350067123,-1.42791463207724,-1.58431606978629,-1.90058294880725,-1.77166771379922,-1.53365971429888,-1.48061737816586,-1.73445825155203,-1.49190143794404,-1.30337086666746,-1.22341979608168,-1.26723070475689,-1.59842937809926,-1.3460468828515,-1.48194840865434,-1.81348409221734,-1.57133191883221,-1.19718178757872,-1.42491732819697,-1.35803153122562,-1.26080427416322,-1.67395737521859,-1.37904301954562,-1.69311343337506,-1.31415980891806,-1.7969715596207,-1.23807956683814,-1.60125198243519,-1.24072127590987,-1.5747496782012,-1.35612931534613,-1.41119619808189,-1.36429197657111,-1.37379016971951,-1.42015069386481,-1.41778962858265,-1.73312102406745,-1.46081051551249,-1.70149134070432,-1.44876031251054
"PC.O.18.1.0.16.1.0",-1.22267641316494,-1.63472806872294,-1.94643822990891,-1.72930926089082,-2.06867548332687,-1.82711089693047,-1.59757017562386,-1.42566080410742,-1.14622104597506,-1.97473803708997,-1.39267632681809,-1.32390233249402,-1.93006373521475,-1.512367335951,-1.53560886712857,-1.75860152548271,-1.66582180179867,-1.4659570005695,-1.78913682740142,-2.17952034504691,-1.87992084409465,-2.0903014347808,-1.60917513922916,-1.6873299272195,-1.84981233567989,-0.922945688510663,-2.19236374322467,-1.43282220221853,-2.0254205743803,-1.68777566179116,-1.6796156483799,-1.7676881759212,-1.95324366576122,-1.67579698877014,-1.85283597397414,-1.935612261231,-1.7724984706847,-1.89134510114339,-1.72358087715087,-1.93636996289569,-2.08502398676865,-1.17380226625735,-1.04840213619758
"PC.O.18.2.0.16.0.0",-0.623930395627252,-0.49756188898296,-0.69236477425632,-0.555258418770112,-0.585855487181706,-0.634082902848358,-0.665867770504353,-0.291151461777997,-0.412062257736581,-0.632834545159637,-0.666261174664706,-0.302413823122351,-0.56924719209329,-0.560910672552434,-0.517442378278209,-0.589060783407987,-0.600840064017288,-0.781103754830864,-0.96737875971619,-0.813611042720069,-0.447730175748478,-0.740592945507327,-0.631232769883559,-0.586182224412203,-0.604537822156363,-0.702718782141247,-0.957753999501167,-0.618702371309042,-0.738600071560485,-0.550105119782923,-0.600954820989336,-0.625373189335301,-0.742792021470017,-0.607122882573586,-0.550384728475572,-0.638601666422573,-0.728926920715001,-0.64681062948738,-0.610201186691079,-0.691648931081456,-0.576681347983593,-0.464600941017507,-0.520435506851288
"PC.O.16.1.0.18.2.0",0.00207060114876457,0.222378237945199,-0.0698394955742329,0.0601952178387469,0.112946134209399,0.0821233077283326,0.000135798357156865,0.250064098468757,0.102612600419482,-0.0195063027090988,-0.174554952955582,0.572590872032308,0.0533657231948531,0.140186599698106,0.27547364663829,0.0106487739395273,-0.196084410952867,-0.000855919715209405,-0.477810421816884,-0.413122833431579,0.23968620307549,-0.168516914126232,0.0117378228823142,0.106130117214736,0.119116012828959,0.148963117254741,-0.303068495001238,0.0660616434829992,-0.148530442625278,0.0351067617871354,-0.0351703153713238,-0.0710733224895279,-0.117473711581571,0.24124884049959,0.0352287901122348,-0.101448423130903,0.00554089291940383,0.032274395321981,0.130730784295776,-0.0347377219781452,0.0361222349019807,0.0645116053854902,-0.0547515165217474
"PC.O.16.2.0.18.1.0",-1.16027016306431,-0.945936974625917,-1.38208100499178,-1.34782540666946,-1.50242007630347,-1.1960867911663,-0.623551802640692,-0.991143663435949,-1.02797787332966,-1.51961707797677,-1.11467801222908,-1.24924201397867,-1.34688479420207,-1.09075704159541,-1.24032047722216,-1.24268789005158,-0.847220698550187,-1.10827383967179,-1.14103514698026,-1.16892390213036,-1.29561397273876,-1.51308625001378,-1.25620841077601,-1.2472706225886,-0.74798992378989,-0.908266383867802,-1.3995533675729,-0.995690611171484,-1.4512342221187,-1.4381491220991,-0.867904917465552,-1.38984690383951,-1.41539687099319,-1.1565651215534,-1.34840876615285,-1.4609052525378,-1.25721074154652,-1.10488926108977,-1.1693067244101,-1.26134518049121,-1.36984723267942,-0.890277969094128,-0.778707830455095
"PC.O.16.0.0.20.3.0",-1.04187049280506,-0.367012612933597,-0.611392643459046,-0.768979977841817,-0.586706144184422,-0.645214642851436,-0.681388752622224,-0.328740245319343,-0.292456178725081,-0.701905912454823,-0.580502602484477,-0.484971245799313,-0.49084448612372,-0.695819378661154,-0.535832250408746,-0.521316384998313,-0.86239561756917,-0.877473674793608,-0.871847168779647,-0.764927985826374,-0.652465361474847,-0.732627236662341,-0.56253954029689,-0.451517439248026,-0.672426292286849,-0.452009908997015,-1.18420261539231,-0.78378984283901,-0.75829864148488,-0.727400540919152,-0.66388379504762,-0.918428911212222,-0.68988540338322,-0.592757266125422,-0.69852923588131,-0.733107160042801,-0.689966599877105,-0.686117958994507,-0.691424378027306,-0.703227547097131,-0.684907693177326,-0.531687097768092,-0.864552311540158
"PC.O.18.1.0.18.2.0",-0.309491866794595,-0.0083957999837123,-0.257349873852561,-0.233500333445538,-0.100757435429083,-0.325379937253653,-0.242038316970725,-0.114131313855415,0.0117486679171604,-0.333111405868213,-0.2856426740006,0.0653617570016095,-0.191051048632544,-0.217863436436528,-0.00229285049321885,-0.111643694129211,-0.424381499327391,-0.481432169291052,-0.485904736355648,-0.54190827357378,-0.0753312381610784,-0.411654447191475,-0.225659430076473,-0.148074094592085,-0.204337807583371,-0.575497159383523,-0.757430596963854,-0.214401025450095,-0.400906441011281,-0.245078227630333,-0.194938040596662,-0.336915768139622,-0.433544336884507,-0.180353832185374,-0.21652274459546,-0.338065940130315,-0.295867377239045,-0.27265476331527,-0.201483460951524,-0.259106878439632,-0.259947712611876,-0.207773582953505,0.0102544753840553
"PC.O.18.2.0.18.1.0",-1.27552876695202,-0.940871035908642,-1.08303866505127,-1.04181502958067,-0.984439323980618,-0.936062980177145,-0.971677604668073,-0.66581462009815,-0.93780772383524,-0.924090355670285,-1.00890153190536,-0.547943992736034,-1.06371858762751,-0.943415538133454,-0.926615092961445,-1.08517988045217,-1.18241547787892,-1.2915516438212,-1.24730631918743,-1.26002169299633,-0.909510821482835,-1.2296518506493,-1.03880027569312,-0.87127675654489,-1.02387256959546,-0.888482574536362,-1.58892976042664,-0.897092809283653,-1.20439938561099,-1.05277603175476,-1.03838481963896,-1.11750436028919,-1.21938802193511,-0.998448840335423,-0.976942412878809,-1.0803711911891,-1.14379496366028,-0.977826643458332,-1.11909484117317,-1.06258009199935,-0.993513948460879,-0.794400434790421,-0.913203308359214
"PC.O.16.0.0.20.4.0",0.266057933073605,0.568572343291839,0.388865196953434,0.324267726684239,0.368962049388044,0.477334385315944,0.350943485427335,0.623108467024749,0.516997353702168,0.304275317125876,0.429908786887931,0.225776433924847,0.475305959826666,0.327345345442853,0.397250907188669,0.506866279854382,0.489158002263314,0.322021404536244,0.269514411272647,0.201330348155529,0.564445238772079,0.195241872571586,0.356405663916574,0.452220916188169,0.332730473085533,0.415077516837927,0.0983949757612325,0.454386723035255,0.151668251249538,0.340418814644464,0.357033703540115,0.567211621162091,0.421198274209327,0.571435077317941,0.3271954357906,0.335379510330873,0.402777501965231,0.27759777962109,0.46479417844229,0.238680291338104,0.240682587437932,0.270031671353386,0.446077414980548
"PC.O.16.1.0.20.3.0",-0.607011965777904,-0.286517871147622,-0.395501685038929,-0.664948711181739,-0.505323393365862,-0.70368116908321,-0.365840352438307,-0.115364446596962,-0.135347363116071,-0.6301873722409,-0.378845041166821,-0.187627040491315,-0.324178945906993,-0.419527058742008,-0.267282098644158,-0.485893895449917,-0.919287648313068,-0.923480714254521,-0.782077233733569,-0.674448262455224,-0.390219139012109,-0.448762628002832,-0.311444693366115,-0.331071221061272,-0.317932220154978,-0.274867106499721,-0.773951346464886,-0.386418925966982,-0.74231322442069,-0.459924563800762,-0.626790573151869,-0.480346234792453,-0.419512995441329,-0.0781361019625813,-0.435761067285811,-0.426671886926067,-0.398439339064377,-0.824539377856392,-0.433967781795098,-0.405429082021447,-0.566692539994645,-0.247843251106598,-0.499868915235535
"PC.O.18.2.0.18.2.0",-0.313051940583079,-0.0738244474592818,-0.409059415990036,-0.260368325664871,-0.203680949084478,-0.347816436297399,-0.309328639621129,-0.0518263820618568,-0.172209379498897,-0.418680116254893,-0.422806848887099,0.0364507440272879,-0.365972957265144,-0.249647863017945,-0.0807001294079942,-0.31554582343577,-0.631533687302881,-0.55704933242932,-1.07482813078545,-0.604794488622851,-0.0942804633949033,-0.585721737148734,-0.345687388756387,-0.337032720858747,-0.193553983440042,-0.858012021038377,-0.635174044993726,-0.343753966108658,-0.668211652865823,-0.341455780842889,-0.289474173199025,-0.410271368401956,-0.35319844689959,-0.242575683698892,-0.230140622937775,-0.271658771453367,-0.475266751401386,-0.317984117277583,-0.278370044857338,-0.432433973732567,-0.25310303531894,-0.202045508321178,-0.193622814246534
"PC.O.16.1.0.20.4.0",0.208691221633677,0.347330890128155,0.238209656238836,0.160501451578908,0.271948730516096,0.262865077877381,0.235739005566871,0.556197338202489,0.17944424508593,0.324588182576305,0.273796782650365,0.40460428307533,0.363127248835491,0.187403619182024,0.322593639702971,0.260578514474301,0.2045204084369,0.000854325084464026,0.104513940218218,0.0465146450758721,0.463479384240313,-0.00111782665021874,0.281603802807993,0.228803882708945,0.318276316327037,0.292476666423386,0.145003904716141,0.340295432700204,0.0374330326721712,0.363004335719856,0.0322787433846139,0.316808100464716,0.182116337013499,0.621141284260795,0.193680043805681,0.226461273592424,0.375467214394195,0.138257678457513,0.323253210261868,0.124938281512709,0.244228147894179,0.325467751441199,0.314158261177824
"PC.O.16.0.0.22.4.0",-0.95253465939872,-0.52695802575422,-0.729877997226134,-1.10369483616707,-1.00835987937518,-0.893572239701484,-0.780770179807811,-0.851336007240593,-0.567354433740741,-0.908369835807607,-0.649562004832289,-0.639666478092781,-0.574916191696724,-1.16370686248907,-1.08159067858001,-1.21075385611841,-0.821439178940489,-1.08329442978093,-1.21813257898641,-1.1411252340589,-0.772332409754117,-1.01564023898158,-0.635598131869125,-0.920664382252596,-0.917159861630262,-1.15507971884992,-1.42713966950927,-0.87943037699005,-1.0892436679853,-1.15525634062936,-1.15568038816295,-1.18272843526194,-1.10758497332123,-0.650974259953842,-1.01490161941497,-1.12184215863375,-1.02951768963937,-0.797234607775323,-0.650828921121578,-0.802612348133322,-1.28741372198861,-0.710203909971962,-0.806269272653089
"PC.O.18.0.0.20.4.0",-0.00208043101198777,0.326880783318002,0.075529820348428,0.11500872723781,0.0596259360104422,0.21738036080291,0.00127148194708944,0.0383822514642218,0.113100761645413,-0.00418144647800699,0.172235460841468,-0.050104612536873,0.192777287146186,0.0206072524310702,0.0516363085717113,0.168760707066463,0.270050562634061,-0.0572182248559771,0.0565451924055684,-0.0885682496428499,0.312838200696483,0.0345056486222069,0.256371465707088,0.225713657328688,-0.01813151327221,-0.133626494886267,-0.380601295062897,0.0259401227559221,-0.174173471677133,-0.00633587692070742,-0.0738935360020185,0.0827848992134938,-0.109506560132748,0.119805234622949,0.00287818540298432,0.0477176921569827,0.181222775971671,0.000814066718774451,0.210536760911876,-0.046165738361896,-0.0961202147711399,0.00750241913945626,0.200049247907874
"PC.O.18.1.0.20.3.0",-0.401602996962262,-0.108025526506544,-0.382201000909336,-0.478506410954188,-0.497267566545699,-0.450180014627843,-0.44884122223523,-0.378603275463934,-0.0738001395311995,-0.72074266215739,-0.358319101956806,-0.269013474114396,-0.320573197171352,-0.289257326728431,-0.439609198971728,-0.296564351187082,-0.427715008665123,-0.587823910506149,-0.584116783752071,-0.527221582192859,-0.353632619055463,-0.25780110471447,-0.113445568990138,-0.197132886717863,-0.386329870326558,-0.183288963044751,-1.13452005533687,-0.677919776413027,-0.611437393151007,-0.573074168171911,-0.419418409507196,-0.536888737938234,-0.520924903638389,-0.347587684923181,-0.497808609286267,-0.356647555269288,-0.446180094312789,-0.443480045803168,-0.380996675326903,-0.428202685835101,-0.556872110553406,-0.261960189318276,-0.267879774113688
"PC.O.16.0.0.22.5.0",-0.759539701511338,-0.357795996701811,-0.338764031611384,-0.735514776302888,-0.721475120717372,-0.270600340181022,-0.49402813969925,-0.249359295462087,-0.600899093116074,-0.286123926258507,-0.396085627468342,-0.530727926289462,-0.21180430213236,-0.72893868034791,-0.666667579641642,-0.640856709661482,-0.217495621034769,-0.732604099105394,-0.675008163466887,-0.448138312381818,-0.311576776995731,-0.659095998023773,-0.395216448949369,-0.403149489107584,-0.659942919694077,-0.694808947983217,-0.540709145800033,-0.432988560419261,-0.537208214947954,-0.656062023391114,-0.675109488450895,-0.305692209086236,-0.526974585128596,-0.243068929764361,-0.331969662430526,-0.818814143136261,-0.466152959014461,-0.420344776450972,-0.555295159826149,-0.427297200084585,-0.688584270048985,-0.760236480961539,-0.424790847644731
"PC.O.18.1.0.20.4.0",0.500152221272689,0.563047780242417,0.442603548713289,0.426394700694363,0.448542458911781,0.390655642625867,0.392176542345307,0.575055220743557,0.545469519401796,0.425863094524687,0.450597820976742,0.480907033573198,0.423313451575991,0.441082879691335,0.522979877672198,0.547445503785715,0.476672990658969,0.359157596172421,0.334547626702569,0.213930482066136,0.64072083848888,0.299445802069099,0.421625603925458,0.44350581002437,0.498912393523496,0.409550510449457,0.184017880141621,0.476715491742841,0.132045908477762,0.400082026796484,0.398483110983098,0.505037384922798,0.352336100928182,0.584316639412035,0.432890313569535,0.336025068790356,0.469476745802622,0.383281363606068,0.52848394801891,0.367965674101991,0.328432284249382,0.530265367956016,0.643859603082625
"PC.O.18.2.0.20.4.0",0.139889390959729,-0.00873440066945809,-0.150188098507841,-0.241631977035489,-0.115839568846016,-0.219628838542925,-0.0001357517079171,0.0934714384406904,-0.070775939337302,0.0226299652451594,-0.203278101002905,0.0679162367084536,0.00160040670960352,0.0132312733162424,0.00214795139282659,-0.0789768251222088,-0.242432490613767,-0.25883493749154,-0.264780981189725,-0.181818119026709,0.143900970651811,-0.317950682164398,0.0827407964216856,-0.477973830599574,0.0473463554988592,-0.0497782615810561,-0.217858048972557,0.00586225921780217,-0.380930323356034,-0.159790458329087,-0.27975056744701,-0.026504857550649,-0.110755785148988,0.0655339858103184,-0.151631605800183,-0.54782749110192,0.0926596486429725,-0.000815506253826898,-0.0777251809918889,-0.342121523105181,-0.254434808050379,0.00325289860603068,0.128208598453457
"PC.16.0.0.16.0.0",0.679329058338643,0.657072338386901,0.469438096269345,0.631629087553803,0.506049091694024,0.677455802489509,0.729876038729376,0.687655230513777,0.549243798389984,0.670913146928464,0.623637020772834,0.571149112118497,0.603581920368977,0.575689584540787,0.48042525906424,0.51893772897574,0.747530504622014,0.486414625028108,0.580011308066187,0.525461561533998,0.665376465815664,0.474712037887139,0.565114399694248,0.594933736696741,0.740677420902601,0.721132018182543,0.431662368995803,0.708588088923458,0.507107632482549,0.423562916292507,0.602784516124673,0.629847613425577,0.526000724381065,0.66804317151226,0.512698061302088,0.581130383345717,0.607264609344304,0.494155107917174,0.740395184690871,0.542363402110296,0.570127220068053,0.732338307564141,0.789687945063221
"PC.16.0.0.16.1.0",0.823512029935728,0.611738980666446,0.756843673396742,0.737969387400499,0.350928338903902,0.769725005479712,0.752920138838487,0.688259346082217,1.02782326245092,0.458889636877344,0.988569643208203,0.362733568266944,0.705108505684386,1.01906318574483,0.34335174046192,0.274156897255366,0.451954426597785,0.672020741509445,0.642514637994869,0.797761629827314,0.591902393283774,0.601221701349631,1.01001508378306,0.77693505863462,0.800103833890563,1.48144708481569,0.58778101973227,0.946320209603322,0.483041147070096,0.31156989439888,0.872724942471096,0.68814365999987,0.715142381237037,0.62959629777654,0.597069413855431,0.938946656224018,0.782622588541869,0.565698019772253,0.597103248116797,0.595560678834567,0.735417732531958,1.04563652005803,1.10899060654181
"PC.16.1.0.16.1.0",-0.528527794502226,-0.854669055246438,-0.654492652899172,-0.370752578386826,-0.803458966416871,-0.205612569949564,0.6788914195511,-0.610651681235366,-0.437979273059889,-0.959536050909364,-0.107096230701564,-0.748896605178654,-0.531759833448409,-0.490658670760415,-0.701380174212539,-0.708059195892042,-0.105481671538952,-0.0347964841080768,-0.229937009107237,-0.670251081521105,-1.04506749865069,-0.719807385080675,-0.351721239644028,-0.66586295194196,-0.139501193651412,0.289244655761156,-0.929277117868154,0.328003074325097,-0.560830972369834,-0.376313943230161,-0.628243504108234,-0.115427111006218,-0.658944195287415,-0.463925451005801,-0.757744649878733,-0.796366146542209,-0.650533579422441,-0.746876401658448,-0.370289521964943,-0.805023637974963,-0.733450015235525,0.332429185648224,0.121323747438219
"PC.18.0.0.18.1.0",0.95405134289056,1.08491574342369,0.959219990420295,1.00197120384427,0.747786182042296,0.943959565846095,1.14406779542888,1.02591408852718,1.07278004373962,0.896514360010835,1.17201338861682,0.917748159972839,0.940424565399759,1.11595245950615,0.933197828562722,0.838067148027951,0.839033706611747,0.814747512096919,0.901034052704688,0.95655270894544,0.936363869991332,0.780315627875556,1.15977535920797,0.973329075371001,0.946880553493416,1.51536345208875,0.904762475057811,1.18889512362263,0.88735309015839,0.7135843336987,1.14106495706491,0.96320115321756,1.02821948258692,1.01373503924363,0.987708177727086,1.17877438786091,1.05306069553028,1.01068154123454,0.919353857647505,0.916523555494834,1.016217887969,1.37971348215325,1.16433492916572
"PC.18.0.0.18.2.0",1.61331997562579,1.7801220651713,1.81148439906231,1.71284124409819,1.71209492269448,1.6743164277231,1.57705357011177,1.85262314224882,1.72552147275267,1.67150633535133,1.66984716386175,1.84134719068783,1.68693067579925,1.89455660483404,1.84607212014137,1.69963639614593,1.59323126622516,1.62117730845051,1.52251851336383,1.65805889698096,1.83713749278362,1.62178593997315,1.72393961326803,1.64047245590424,1.81172527549721,1.34792234601293,1.57849927976926,1.58567131600726,1.65927690619817,1.67114339803388,1.77778564032659,1.62580716699146,1.77469075045896,1.70754193473566,1.85666317250063,1.91637976064032,1.7390578673835,1.71540689638856,1.85397829095552,1.70046899179926,1.75358945714774,1.88092200514096,1.84617573191801
"PC.18.1.0.18.1.0",0.884365000820365,0.92142554879665,0.799404838035181,0.890050268924973,0.685075706758928,0.764885611550519,0.871289484890537,1.03068550943447,0.816626949060356,0.875415878767908,0.953293322250438,1.13387176695332,0.722167563344389,1.03836832785808,0.829733466340406,0.759697742487263,0.789550884015844,0.621867463849124,0.591111473903944,0.610801765417192,0.878815953668824,0.575196427979597,0.881786172141804,0.795484616870311,0.901772459972524,1.42381598874697,0.757949934035776,1.01085044916662,0.653692459716401,0.665883287257274,1.03718986073031,0.796209716569327,0.707314586148805,0.844079450910084,0.842502948464448,0.918812628260111,0.769743450005207,0.946822215222719,0.766716766117553,0.840017623356101,0.785862213969599,1.2876584677207,1.16041888422224
"PC.18.1.0.18.2.0",1.14506532184075,1.23827000237084,1.24903422254276,1.17699621727084,1.10768162963157,1.05133031573169,0.959229545859449,1.32974401187441,1.13749447460868,1.03780676710463,1.1208589161721,1.39896298331005,1.0235393161776,1.32359422602084,1.24268109832197,1.12743014998722,0.915536567405307,0.982890186656004,0.768562407937215,0.941687646333721,1.19766922441007,0.980854655104556,1.13679331731704,1.11821508655605,1.31352799797331,1.1022509063071,0.939992334230658,1.08182370320625,0.928932254753388,1.06974002847421,1.29736693505303,0.936127355581655,1.07743294975467,1.12510735559166,1.19781650346208,1.28187847904246,1.07422151971933,1.15003249624915,1.14468197584557,1.15714274621491,1.17385235268463,1.41135066947469,1.43225645652076
"PC.18.1.0.18.3.0",-0.119287745891523,-0.207773315933721,-0.308449655862509,0.0981560170276497,-0.385972658183789,-0.290697432223565,-0.157955629019508,0.0435849638720295,-0.209892359739958,-0.522950970008571,0.0192751412490173,0.0892334774461417,-0.23801598067322,-0.288121787094006,-0.464156022277583,-0.274304031140412,-0.0830903358477523,-0.125860705540113,-0.519019664035937,-0.373006815424973,-0.289435470599116,-0.552616751087412,-0.118267719876689,-0.215760431347879,0.0224757325674106,0.0529738827850039,-0.236958249474346,-0.0805280087438558,-0.00995359632170816,-0.567172068034553,-0.0291903574340436,-0.114036981899385,-0.230373273938864,-0.0597802629028441,-0.379963122751624,-0.0816540379510929,-0.154647853380808,-0.496459637427076,-0.203769141435165,-0.586903345758749,-0.179029700868496,-0.16397990776157,0.233327986510181
"PC.18.2.0.18.2.0",0.492335152689586,0.779550918251837,0.791468730315739,0.702908833593503,0.819771239630529,0.657027205276936,0.444839112677369,1.03670509236207,0.804754905091798,0.449494941427258,0.532659839347135,0.958115273708367,0.51343031703203,0.751263572782404,0.991836071519735,0.693756580066815,0.304103046579529,0.446424224256407,0.0101569149385242,0.334715264498897,0.838008810181888,0.510125290500851,0.505255113843852,0.693246687492679,0.752315671436011,0.103412375719439,0.469579332571057,0.31826213527508,0.36202258685949,0.805882723877458,0.722913051956448,0.286353309559164,0.761184586499371,0.687261202282713,0.805648193184577,0.959645141575383,0.61995537116612,0.607408495760128,0.634698673144007,0.68040688029123,0.865100587386553,0.739536721564351,0.975528368448582
"PE.O.16.1.0.18.2.0",-0.538255634407876,-0.290377915824837,-0.431906598906479,-0.551157084542271,-0.297089337306419,-0.451472129877843,-0.346359041532166,-0.248511926413043,-0.32190931513004,-0.598289209784825,-0.586142902585575,0.0948020109257886,-0.523038664981734,-0.210347141317044,-0.210588553590443,-0.57550975934988,-0.429276359280101,-0.445872672834161,-0.543892328374193,-0.577016763395037,-0.48478550594034,-0.422936240730083,-0.604337027242126,-0.504648778306499,-0.60697557469096,-0.313137729047827,-0.622811549900383,-0.423723909334078,-0.550533217088509,-0.0826388957215521,-0.186570675729911,-0.464846177602426,-0.346299516313241,-0.313206058526591,-0.218124661815099,-0.435854498270099,-0.540240855236654,-0.551308541081368,-0.432656604837022,-0.375603309932132,-0.712098961597601,-0.3825586170434,-0.481104651348712
"PE.O.18.1.0.18.2.0",-0.450778050043949,-0.136167793714356,-0.305961418916063,-0.222864658227953,-0.123614750916154,-0.655390325160778,-0.236921983131461,-0.172399273110272,-0.128226858634788,-0.817806093369447,-0.413126879169559,0.299763271061123,-0.537218096630626,0.0272702773172909,0.0503216332948396,-0.508688592594129,-0.281616871708561,-0.703736747707135,-0.524420047857537,-0.725294373912929,-0.188169896877979,-0.368144558747932,-0.149550249364556,-0.272360334660283,-0.365560895137863,-0.217301401794369,-0.90690790724456,-0.303245690308958,-0.369453993459795,0.107981260365828,-0.122362078040524,-0.32121669482686,-0.270419045740528,-0.175655835582127,-0.144389978477898,-0.249618871578738,-0.38641546071711,-0.520577440089979,-0.338180505262722,-0.330430429984512,-0.36680187904578,-0.343445135727095,-0.325420609388949
"PE.O.18.2.0.18.1.0",-0.785779939031586,-0.673254412409785,-0.756378271909978,-0.799225448884,-0.787800075875904,-1.10825491412048,-0.507510577323943,-0.696229168757161,-0.568675775169137,-1.15422676683897,-0.848195765181157,-0.370718662816773,-1.3484251601249,-0.653510670858385,-0.768374776494696,-0.950838339367606,-0.812606369495889,-1.02488993814329,-1.06584847536822,-1.21705180839621,-0.721180932706909,-1.04982008089423,-0.88431762903116,-0.696244583889005,-0.807975229209502,-0.699979855249826,-1.34558224966779,-0.772293827042279,-0.943597175320781,-0.535469437382663,-0.558110138713361,-0.852760296606527,-0.731774594912109,-0.715289527813476,-0.841522790970153,-0.780471061975122,-0.89428196963463,-0.940562104304522,-0.946344121981171,-0.903067460399873,-0.911749428446866,-0.587830415047667,-0.664136513064003
"PE.O.16.1.0.20.3.0",-1.42969794019221,-1.0411975982472,-1.00892598139797,-1.394818496687,-0.98841807638052,-1.07353153332959,-0.970712803079863,-0.631785365733209,-0.816268989084726,-1.30953943551991,-0.83384787569058,-0.5668421810297,-1.18222602059671,-0.826132415940199,-0.883243524643617,-1.04410157418965,-1.09722274797887,-1.10806183921985,-1.16283010903398,-1.28177979323694,-1.21589670239835,-0.983789780837554,-1.15042371117535,-1.00950162478088,-1.29041237461059,-0.86029751562598,-1.1759426268638,-1.08167465647231,-1.30235102905861,-0.569019228037809,-0.824762179619727,-1.01434799167172,-0.880940020824975,-0.848166878218646,-1.19362834454075,-1.35114124606694,-1.33070385505356,-1.44015792816419,-1.22115080286386,-1.38254012445951,-1.24173472739199,-1.22218714878635,-1.31026441316153
"PE.O.18.2.0.18.2.0",-0.572062745614079,-0.366244381688142,-0.698827822240804,-0.386590057097274,-0.283723433289268,-0.568415608571595,-0.4607370142962,-0.31056457038789,-0.333597871348138,-0.821298949968616,-0.588695999335567,-0.0621723742564899,-0.511662635134985,-0.385362357344918,-0.162880094094711,-0.340095110357488,-0.51314470808749,-0.512480048136841,-0.659452115577409,-0.767920640143814,-0.367786854274633,-0.817325813353075,-0.535547301021118,-0.434848427299052,-0.473389700664503,-0.386103492515891,-0.753228276551537,-0.480720058897211,-0.652349874451393,-0.200279905668029,-0.0796265361074271,-0.501857029566932,-0.387219832418124,-0.486179440402804,-0.338116600345779,-0.610209511506106,-0.654721550315733,-0.786189260645976,-0.560124990942283,-0.634618644517329,-0.477685992678878,-0.401891296580807,-0.449350470023878
"PE.O.16.1.0.20.4.0",0.141462736184347,0.360604947892997,0.23277177482085,0.297359361406937,0.287403478950733,0.328236296436592,0.878618659121966,0.496657606949604,0.31618210211572,0.12471370981304,0.261435212112264,0.473288886750976,0.202383944157475,0.245455231234366,0.323594497883667,0.411639864000095,0.360074852327709,0.153575356121495,0.155367910257143,0.0708416545464907,0.300919708456475,0.277474680511192,0.24114113255515,0.439492147714122,0.330955805358211,0.0778856880650443,0.0061429854507089,-0.00657541323588294,0.147582824011213,0.592468504961928,0.440779369761655,0.234188668732706,0.40578440099212,0.55245009206152,0.292115961010235,0.221260467811746,0.244837159706451,0.136763746962706,0.488036214877637,0.21634852630549,0.0156247538201758,0.280161804263336,0.280333846975412
"PE.O.16.1.0.22.4.0",-0.534227876292683,-0.467754906267032,-0.662663543219497,-0.60651811106591,-0.680453222974187,-0.468732112567768,0.348129721820208,-0.421182519760154,-0.657293675972755,-0.865922547924034,-0.345660235598612,-0.599938709909592,-0.358401291783643,-0.817788901252968,-0.753489715838419,-0.27874830120372,-0.195744255156391,-0.539211314739743,-0.423579164438843,-0.385459321573189,-0.412274812238834,-0.237426230324457,-0.361951006011402,-0.0906044214269596,-0.256761719823015,-0.660086979476571,-0.637793759337019,-0.461225028060315,-0.341332368812391,-0.399579937962084,-0.633400999282095,-0.613157919776623,-0.431155265443715,-0.228582163871141,-0.393671901117913,-0.46443647352932,-0.601827253979437,-0.625222341086827,-0.0343151690735525,-0.699636394072523,-1.0283866353865,-0.162841436899144,-0.19942691527072
"PE.O.18.1.0.20.4.0",0.230597712770707,0.517457374526272,0.476952411887941,0.605751861969542,0.574266007415208,0.567099069214184,1.00586901108387,0.548765424617268,0.480880690343729,0.339433018941243,0.401172491966977,0.63261433358242,0.444079772230634,0.52585772442648,0.630849100981003,0.624824466513823,0.571279935608311,0.387262696296063,0.380800363702069,0.234523626597298,0.530259635154314,0.450297348777962,0.523609186335604,0.583605810117901,0.421877675786745,0.273231514371843,0.285929618849221,0.135569882226813,0.374345507608265,0.780540344573174,0.611358907867219,0.548632663518286,0.4904896810458,0.695598777857487,0.4486248885391,0.39835799437516,0.461849477231534,0.298067899903351,0.624366053334881,0.310015357306408,0.267799506713673,0.271711723405303,0.43024702226032
"PE.O.16.1.0.22.5.0",-0.511799072372276,-0.274915758577816,-0.1409318343991,-0.172726799778741,-0.167338703522477,-0.552656247456967,0.21626514858562,-0.166563982714111,-0.252932949157817,-0.654989567862536,-0.163122296303297,-0.18824737498771,-0.507537440057902,-0.299730624052706,-0.449828110411634,-0.230396455481678,-0.50876492643929,-0.382126830626321,-0.733504273622178,-0.318987529897446,-0.451308139572,-0.273845094516466,-0.0989198274991354,-0.278266601485369,-0.41365938175412,-0.286143936628793,-0.421540791200061,-0.375479418044187,-0.270693401046973,-0.207080703440344,-0.105554946273241,-0.516615943719886,-0.257151767886094,-0.224326991040335,-0.550815946000099,-0.188302789119979,-0.581294599601817,-0.748623082144254,-0.366448554471496,-0.322990847197315,-0.689895755908326,-0.293503548041983,-0.340527588902027
"PE.O.18.2.0.20.4.0",0.113608533204873,0.339325558547922,0.182485741176513,0.285683125730932,0.309168944017349,0.321487534766787,0.583416208467753,0.484903114443616,0.325774235122352,0.0432074910690011,0.0799384402020767,0.421230873642501,0.212007093656117,0.229900848030317,0.398110974825,0.376670157595888,0.104463195783119,0.211196431150904,0.0291057739410308,-0.0373362171263019,0.391086390077348,0.0459619081712507,0.0223923599067875,0.309204934349668,0.253043197431059,0.303948688402773,-0.0765284859092794,-0.0180018455471158,0.208872726265991,0.561968346432984,0.358307298329172,0.22864059958987,0.399490926758738,0.451624695456571,0.251427288759585,0.174256031041698,0.229527810085881,0.0190504959185049,0.335023953358817,0.0761915060604068,0.153327870414655,0.0769710538466778,0.195585397075052
"PE.16.0.0.18.1.0",-0.459658598068804,-0.133144547948021,-0.473972157868627,-0.392271149144799,-0.604162508829149,-0.411582607382986,0.0407212632809719,-0.385328159153457,-0.563627699181675,-0.570045579687205,-0.0701714914961895,-0.242134663146048,-0.435813320538404,-0.167664278180224,-0.520963637600748,-0.422530701831846,-0.33106852032365,-0.301984991698473,0.0484015353307999,-0.0307158217385366,-0.445485435276716,-0.23326541599089,-0.197664427484142,-0.325336588090531,-0.287678893692139,0.049444654379538,-0.116863547953285,-0.00365928361062093,-0.653795249093333,-0.365838686337676,-0.168587092448295,-0.272507163583081,-0.321658032648343,-0.546363812485317,-0.315645979671185,-0.278643051839092,-0.472205545490827,-0.379467424228249,-0.177237018053918,-0.249548898889808,-0.622504567720641,-0.0649823947735991,-0.027832591569862
"PE.16.0.0.18.2.0",-0.543824260851882,-0.151232604444565,-0.334328325992161,-0.305158644619545,-0.258944120090086,-0.602522957042373,-0.106079556924961,-0.0731358772036424,-0.24206896108892,-0.379560547650385,0.0689031529398121,-0.22691397070142,-0.469265247696865,-0.232162198939098,-0.658312495788634,-0.651449991555561,-0.454096038673365,-0.19750853595369,-0.0389648896724351,0.0355518152617578,-0.709363664160143,-0.0799140602328896,-0.298880924329775,-0.420593138948809,-0.0748716227897914,-0.058753635099812,0.0104040639818844,-0.071995678309766,-0.565350379988792,-0.740255558300999,-0.197407595575979,-0.358316685311904,-0.197550451574849,-0.370338700864494,-0.204555226370326,-0.0144708619783309,-0.498755843853899,-0.3539729905429,-0.0431835431950875,-0.0311491911543439,-0.41001408393949,-0.180078080195525,-0.0942204054874809
"PE.18.1.0.18.1.0",-0.504534432587274,-0.493076081606429,-0.673224228744013,-0.541296138362608,-0.877837887601642,-0.763950126613192,0.0754379170559892,-0.669774495677857,-0.553658838329232,-0.688383704305296,-0.366756112789626,-0.584561400196122,-0.96134473699088,-0.530032731467126,-0.920451531821436,-0.627306645479518,-0.3677288560927,-0.477742385187287,-0.483683041685476,-0.398732951981423,-0.8387797828621,-0.587300132634667,-0.649690173910064,-0.65363802769567,-0.437920761426355,-0.00327167175838857,-0.479900345807089,-0.306218343475268,-0.7414702693016,-0.740813977852465,-0.384014478128758,-0.504954088519116,-0.60258412000244,-0.667307662073066,-0.618400742070714,-0.577643700236534,-0.69351833462102,-0.569028220130154,-0.421381874625113,-0.664677540450105,-0.74077609393798,-0.133193703648695,-0.340472756145412
"PE.16.0.0.20.4.0",-0.0677596620379873,-0.0158210614180966,0.0295372937416173,0.0456996546205713,0.0132896017659771,-0.0206335942620064,0.33539369365738,0.0556885326002127,-0.000337298444106588,0.00414165882641638,0.38327624668537,-0.0861859661589813,-0.362627556929901,0.0187066093398859,-0.305280413008795,-0.0624602634201928,0.0877706514791644,0.11944316554286,0.367816680062685,0.264273642160281,-0.255471600855622,0.0572844468441766,0.0491290594987693,0.00488635791903416,0.176310041196599,0.485153657510656,0.335469633554494,0.147504986593055,-0.0853314049102102,-0.138231160535683,0.0719240385324108,0.11218991388221,0.0200521242077709,-0.0596718543174847,-0.013921290452827,0.185361211834599,-0.102523296249893,-0.0347167456717063,0.198468292541152,0.16274411606829,-0.202383081595741,0.082960713843088,0.134990793471334
"PE.18.0.0.20.4.0",0.417419285708193,0.544504993473274,0.5530296369303,0.572052470976242,0.470786696154473,0.536289119115484,0.965188845686991,0.460708552156445,0.35795582987447,0.45451330071822,0.653053696327782,0.312444675354905,0.310693183057413,0.414035199042758,0.323750437157238,0.595185521400294,0.731487563872364,0.616118841147529,0.772542105265076,0.61458410446919,0.328028517095389,0.605687317234695,0.5208492018417,0.534066140876216,0.629628170244254,0.353054395993933,0.770346973789603,0.568689049509336,0.536233360551173,0.394135350887291,0.501387242053192,0.60191312558551,0.52152202377384,0.552842982253078,0.537009546426658,0.438236695603697,0.446242645523487,0.540888679037478,0.748984916949832,0.536670224308148,0.232131609696491,0.496775589191781,0.640821639765835
"PE.18.1.0.20.4.0",-0.213302354444564,-0.613591882527088,-0.0562245394567166,-0.101190357044443,-0.123472954242719,-0.118865103227075,0.199077549458669,-0.629765978688668,-0.222567461099866,-0.217532797536949,-0.229049713022776,-0.178652500261649,-0.195220431647999,-0.173636096865163,-0.316849303003294,-0.0669377857676832,0.0845148259661625,-0.570121077490498,-0.214825857786086,-0.405811943641605,-0.211654190992482,0.00111504574040478,-0.0387137377237865,-0.0960576525388567,0.0166382735589663,0.323750168355744,-0.0685789337254855,0.00362879697697917,-0.633488804042549,-0.229657113354822,0.106583882158156,-0.12115117259417,-0.569423778994608,-0.178488127142967,-0.100810716831371,-0.504805596221831,-0.196716014894002,-0.14079700791804,-0.368602440009322,-0.52423146039948,-0.340839621038691,0.126225614745014,-0.351957396643193
"PI.18.0.0.18.1.0",-0.283209695403738,-0.125366030070651,-0.123159874030736,-0.102767683320855,-0.240388490132914,-0.311193994597237,-0.345966542197525,-0.262581048323284,-0.0234027947002717,-0.220121446034015,-0.16552533335332,-0.106987118907407,-0.394282993455572,-0.203356919875591,-0.0941263374282553,-0.279012444465867,-0.201973689619745,-0.359569987201351,-0.54691191199329,-0.316463642603636,-0.318628434285082,-0.431772467528168,-0.0731309116008697,-0.326682854844129,-0.291696168159965,0.309201951959057,-0.432645385864401,-0.232519246290162,-0.202627671350289,-0.388794420394906,-0.20323889224776,-0.389275560280057,-0.0210228781028508,-0.256035628097772,-0.190462192441655,0.109057243532124,-0.233195567615508,-0.430887275173509,-0.299596379114206,-0.228835552583174,-0.00291304956864825,0.0306553014689398,-0.4036568422512
"PI.18.0.0.18.2.0",0.0497182921535594,0.0571816733929341,0.213259337962387,0.209693653779502,0.0342118515662095,-0.0246261834363349,-0.345360279583134,0.0931158012238173,0.051246190671476,0.309484700311164,0.0996014459637711,0.232526892238237,-0.0873297559829258,0.102455487660302,0.0548203007026234,0.0631502469438068,0.315142540930413,0.028120400433192,-0.0222747676140254,0.14564449424352,0.00575691613073,0.13442571289888,0.17815550381567,-0.180984684768814,0.179278351450275,-0.0534819095657598,-0.0653726189290017,-0.0284732410231594,0.144120268673328,-0.221092350469093,0.0128946503761918,0.113194977468575,0.216938335993813,0.0130822888450774,0.0904851152686581,0.364603430103079,0.014172472594258,-0.0766565951894702,0.148639556309208,0.104223130541546,0.141775408046198,0.035656785429524,-0.109595969732731
"PI.18.1.0.18.1.0",-0.571769387042002,-0.579063814884885,-0.699591594265593,-0.467409150946961,-0.762433716501329,-0.769775286553745,-0.683709173480696,-0.58543368982724,-0.531395206581147,-0.769079642304372,-0.652413321862016,-0.388674835911417,-1.03334008460828,-0.957865146646475,-0.442533519289867,-0.581731029165088,-0.768754927281005,-0.951189856828432,-1.0446447423702,-1.08134639334649,-0.764581040398169,-1.05560635055544,-0.790354648875138,-0.772633927548148,-0.555488953654941,-0.107605335883877,-0.916720589684906,-0.937611610927503,-0.777837896614483,-0.722702134589828,-0.555646565967957,-0.897473307408631,-0.533551566895154,-0.597328254294647,-0.666913644512539,-0.20196445688946,-0.7018558849823,-0.700406672144936,-0.719929698844955,-0.558723406416225,-0.511077150733047,-0.336396965425681,-0.449065088397765
"PI.18.1.0.18.2.0",-0.792118657727961,-0.732549736851328,-0.726140095540903,-0.599045957879161,-0.896842752878506,-0.774846442652823,-0.918386597444944,-0.614179626548623,-0.691440073603929,-0.674428799971992,-0.771706602205412,-0.531823454099232,-0.892366420537875,-0.793021458325609,-0.744304834714844,-0.817228216919604,-0.910647523032516,-0.969144682216892,-0.914934510895588,-1.06367178771883,-0.796682330447998,-0.934303213230997,-0.905549893947706,-0.878292923646801,-0.580731783558148,-0.630782105469075,-1.01731083850931,-0.731072330051928,-0.810521288537077,-0.917842452764849,-0.745082425000442,-0.871099165621734,-0.717753521841818,-0.846862592088116,-0.824123820963732,-0.496093428558555,-0.924596907508893,-0.827440520415623,-0.860912687797014,-0.767410416397151,-0.627143556904961,-0.560860239008407,-0.667502438318282
"PI.18.2.0.18.2.0",-0.603463421915949,-0.821687170083333,-0.774333070529432,-0.674028395673149,-0.794419998862387,-0.814314388847165,-0.980689014805691,-0.916274165449602,-0.719203101335784,-0.856225636256345,-1.02992727012242,-0.792886657216135,-1.02348667861196,-0.552982662922845,-0.701858041693193,-0.816295292963924,-0.971243922776062,-0.655968391231118,-0.878323002293852,-1.05645031725285,-0.616743675342356,-0.764597690406276,-0.721689911249211,-0.593486581133035,-0.638199705061823,-1.01475745016975,-1.41856865828923,-0.633254199968608,-1.21345043891143,-0.706292432757568,-0.602898411501283,-0.693412805721469,-0.950608872138646,-0.787260643653015,-0.748041804934668,-0.704569915061648,-0.769045233450259,-0.783285235330338,-0.811289998270373,-0.760261378324239,-0.718728219902127,-0.851502826720911,-0.41669257382091
"SM.32.1.2",0.430595539910047,0.38979630709097,0.452938239193582,0.418493822219701,0.259465488191584,0.492758348978686,0.0542392773546824,0.439340522241533,0.349289463902859,0.458917497173008,0.263821474607759,0.365691933565664,0.331646069538286,0.474119186038305,0.236572663876622,0.250950627395051,0.235422170904836,0.367980271883409,0.324673220341039,0.41113820263382,0.397638956653593,0.336312634728415,0.490288836935792,0.511942073325001,0.427037003388936,0.275940360428826,0.0345409029362427,0.468914484658495,0.416117295789075,0.450214477463763,0.271328248361689,0.204084299766649,0.278798313203035,0.38138514553134,0.173946888239302,0.405612951222612,0.443443024754432,0.253762718556534,0.429902229113782,0.352447754508319,0.39267875980617,0.104184138849864,0.302866635570551
"SM.34.0.2",-0.166163816872665,-0.0452827406259779,-0.10092409652875,-0.206396399073016,-0.247168050904998,-0.298790065113893,-0.1283559733182,-0.21842036228762,-0.197409066000149,0.181887033977963,-0.359923346917459,-0.106568067996409,-0.215122181647651,-0.089709447225446,-0.240107867272211,-0.422265048604485,0.101059527668273,-0.328682607271612,0.00787305767902802,-0.188745032687558,-0.141710681690531,-0.27823785126757,-0.0120638066398151,-0.216680551983428,-0.0554006981386804,-0.10653297325187,-0.643974836745423,0.0135073384591586,-0.39941181710362,-0.294687916083751,-0.467698335291902,-0.113405952581996,-0.175799153616559,-0.128401126962064,-0.288853893438306,-0.28448559068465,-0.248320655831267,-0.312144357072836,-0.134728612546719,-0.161273176651918,-0.165679693174605,-0.117179693137439,-0.13648025292073
"SM.34.1.2",1.45565772343768,1.53853611850169,1.41667749760313,1.3694636324962,1.35237362786126,1.43269601305645,1.20083675919374,1.35820245180965,1.36282749025442,1.53324601806147,1.39964269264873,1.44411645519084,1.49484928299741,1.41583264999781,1.3775872348061,1.33900227915919,1.54932080436328,1.34418294120657,1.42691173415335,1.41531005777448,1.46512845806635,1.38134080871949,1.54161567866083,1.45987119342585,1.49931993568928,1.39955815957169,1.20489850931418,1.50798517398333,1.38041848883691,1.36760072075203,1.30269086274854,1.45892226370457,1.2226104916,1.53617296049931,1.41477322484272,1.36151190199921,1.48540012879592,1.34273271468364,1.50604844586946,1.39178999336755,1.37997305216934,1.43778816423056,1.37031747118849
"SM.34.2.2",0.375822884114841,0.590361217523317,0.561219973886977,0.469258143494925,0.492715591822136,0.642248721592636,0.129822412179459,0.500630498573543,0.412135573382307,0.651201402342043,0.373228153040829,0.435250621370226,0.577297167391347,0.511835794667594,0.473232800049862,0.37798752130562,0.580900307379655,0.532049846746444,0.531332833411302,0.6362696930723,0.671043277482555,0.465694696262385,0.501816026850306,0.52440788528328,0.598761227642637,0.409988386173992,0.37084690681307,0.465975271454061,0.548022536388267,0.405707941657422,0.408810521820889,0.62275281422884,0.433164084714097,0.687063968406365,0.48664532424971,0.574976681584964,0.535328536763782,0.389613665471068,0.631161288780015,0.467160461012409,0.476992676370828,0.396234578534803,0.367053023094129
"SM.36.1.2",0.784139168398143,0.757150273558632,0.845352057070346,0.670309218848387,0.582396813106323,0.818020690290464,0.431590523004346,0.563342824290057,0.588422636520177,0.924099415231042,0.713343262407184,0.56110232671988,0.84328511095895,0.608076760246008,0.697038020911967,0.607705897965383,0.957797561921804,0.740691764791545,0.98334399297003,0.888026820747399,0.85064723184686,0.746304249180336,0.796733120181126,0.732336136841697,0.805133402480648,0.598779764951204,0.568067051304973,0.923557282419145,0.772183358964219,0.700935547232334,0.586965793484667,0.956509865053938,0.570947863425425,0.915335484257721,0.588947116326807,0.591497829111736,0.786651014703188,0.675813432977345,0.855681591700618,0.75895053519275,0.612268336331233,0.549621437338302,0.669738867616232
"SM.36.2.2",0.357406913446682,0.43534987400699,0.525336607345359,0.28391632731438,0.303456467811123,0.546915116829986,-0.104369658843179,0.271353296318789,0.132849115897468,0.562820234977521,0.248182513898716,0.186809444373495,0.442903595778324,0.215193478940104,0.398289363180447,0.239119587180129,0.544975119428042,0.393157921141734,0.577926118584799,0.532295732700932,0.626088066424059,0.374360394114838,0.258236747648017,0.388891294022882,0.469206294806111,0.164420843957811,0.311395059287625,0.388805860737402,0.443572266151227,0.353480644911315,0.184333860547338,0.60184382367325,0.250896985023372,0.572392544879572,0.256530565564817,0.297300745844901,0.402749945096825,0.298244878444227,0.521357202386395,0.408819662949604,0.247955893252753,0.0418263018555491,0.286212052744565
"SM.38.2.2",0.0627386629387948,0.201073295453004,0.225617838779483,0.0919997284212521,0.00116599369779863,0.247384427313937,-0.300162436338935,0.0180946983667786,-0.0348602949300843,0.239800372999056,-0.0329050280537027,-0.0297084601976436,0.131865717382521,-0.0136469882159212,0.170694489501064,0.0245425157189361,0.152917393106883,0.103986370019638,0.23966393420286,0.2550477715936,0.394673348588065,0.040834770481111,0.0559886420724544,0.217294464173188,0.100991582016755,-0.0966709935312187,-0.060480073792954,0.169109433966133,0.134223453044188,0.0708262405117258,-0.0132891598725456,0.248667817549368,-0.0398685114297914,0.30450122349051,0.0145444900569317,0.0632268000068023,0.0335015857882568,0.0164858878873593,0.206219114988159,0.0852033517579618,0.00289372878476066,-0.139560336517986,0.0183126950514756
"SM.40.1.2",0.701702504167197,0.864093296876837,0.88025727648978,0.776509258179133,0.657236027959777,0.807161311485038,0.73573460343662,0.747938590863718,0.707182390454459,0.862428614658256,0.746933969097409,0.771278670674398,0.764929931795132,0.785628720907874,0.753789200174022,0.779037631213423,0.947182637206674,0.770681461250844,0.854691460300715,0.919387093402312,0.827811546324656,0.826652406161327,1.00075994638017,0.867032037709824,0.698006808742609,0.561447019533954,0.451245019219118,0.689653395403661,0.848051989313858,0.711463439227467,0.578188327778976,0.807169393011947,0.672275271005173,0.827553459277819,0.708761444733858,0.798477581758312,0.77839407874766,0.738775797429068,0.860960439513806,0.661097539802984,0.663001293661324,0.691120775041041,0.649990499208135
"SM.40.2.2",0.710039102971418,0.739563666774291,0.781487207040086,0.723841836723093,0.596502801823543,0.797063412960337,0.37815743782646,0.710918725578264,0.640780705531248,0.747979519897172,0.59083887026876,0.658809815065675,0.677880527486645,0.665318136788518,0.66055029652013,0.646947064107686,0.71212525747133,0.67898251871831,0.773658757458241,0.763400005158912,0.856988186706317,0.65569738713733,0.811359485740027,0.805500753954126,0.680324290986477,0.474156697484315,0.404690772519945,0.693893413084225,0.764634408510004,0.671094637064664,0.504042850761907,0.721549633758989,0.53042195563834,0.782530586948438,0.552841691399628,0.683995248387829,0.685764989672917,0.5892572986916,0.774320117718014,0.578249511085993,0.614751436968148,0.510661334726169,0.622086430914937
"SM.42.2.2",1.27458550226139,1.27232863757937,1.13192264607633,1.13346547547798,1.05278094175219,1.09463154828402,0.989996156753789,1.08527388609074,1.12926494840769,1.32322498115127,1.19124135107671,1.15021198335605,1.20106721933097,1.14069836844249,1.10280778767465,1.10089895423061,1.38196695074281,1.05618774211527,1.30663234902408,1.21550460702127,1.23485021012701,1.05973817477102,1.28347105786525,1.21156796624252,1.25770659207082,1.15438738002903,0.904507383812302,1.26682159431624,1.0735689635834,1.01663177303639,0.997084439493933,1.29912843505609,0.949265535791778,1.2956738085548,1.11219810121202,0.979643032914904,1.13521662328683,1.15901455234528,1.23429657381809,1.11107269069867,1.07417905294031,1.30753931356891,1.21728455662182
"TAG.48.1.0",1.12956187580122,1.02098292073097,0.98109947994529,0.990271176660826,0.927533532002957,1.08884220239054,0.969739942296319,0.906213448811482,1.21927161105022,0.909139236011308,1.33431427194225,1.02384510661126,0.94367231203569,1.02636810294095,0.98437031943835,0.724047499598683,0.979264643146467,1.19796870414255,0.83512828517625,1.20772539873279,1.02441031217757,1.08324359381229,0.968715255005799,1.08402467701692,0.846179413805692,1.02503329397037,1.21372621620422,1.08952551404463,0.825236657670091,0.953171761786355,1.37925948539955,1.05388665834477,1.45437399644429,0.923554079728646,0.97042832085236,1.34397167786967,1.15328656448889,0.852146876929404,0.876164192214375,1.06846900331546,1.03924115280538,0.81683619350823,1.02902284760525
"TAG.50.1.0",1.09327493711747,1.41478080032304,1.40254682242888,1.04715195363112,1.18563020031944,1.51776573467195,1.3477195184753,1.26991689232631,1.53722055343907,1.27837941999826,1.67395585031018,0.862393221521528,1.41090890287434,1.28088441300223,1.18069180901812,1.30753453290612,1.34299395332843,1.77249832581378,1.70045204974943,1.72751120353861,1.08726821441268,1.59717683783219,1.48146834724325,1.26372024018056,1.37859238157945,1.42409569968126,1.87686225542373,1.41523435531446,1.40889816657221,1.38449778972785,1.60395274917937,1.39197716506175,1.81571421504255,1.13338940192248,1.62054828252239,1.70211017483814,1.48260591656443,1.58551439640218,1.53293882909343,1.58048996860753,1.49299438118381,1.48985323923705,1.1455758435806
"TAG.50.2.0",1.25884729173562,1.4803186819708,1.59348885557436,1.248261056765,1.31651340272033,1.68391375904842,1.46210574353252,1.36789465624763,1.60652608409374,1.42221015247913,1.76817426083645,1.12094400719044,1.54190267064831,1.42644981370244,1.31091364790907,1.4690932621134,1.29557996832707,1.75587721974162,1.69044202126236,1.79443726508526,1.22049694496475,1.62084977791652,1.53159484004589,1.29502016346491,1.52752939305551,1.62813842349348,1.99066748445026,1.64717465019612,1.46663643389929,1.46250884586402,1.70464774869908,1.54094496705792,1.81620228409738,1.28719246717631,1.70598293677325,1.7219154956417,1.54629448808097,1.63533935170988,1.58940254753976,1.64285323515281,1.62129528689746,1.57713342670392,1.31041629729127
"TAG.50.3.0",0.827250355433298,1.07324358729024,1.1679928605146,0.899259680929988,0.996957229761279,1.27280889480982,0.981177742357764,1.01269515169398,1.10965806439156,1.04977079956228,1.25739285357301,0.813185969374708,1.14895842717688,0.940497071958227,1.03023220500705,1.16793156746556,0.797689349949629,1.28328694667278,1.11574603804987,1.32623772842114,0.869667915872724,1.1941720737968,0.984619247905106,0.832458589864905,1.09857978455761,0.926088515787225,1.56386564821288,1.10116515005177,1.09836010838228,1.13137379560275,1.29139928242087,1.09137966700542,1.37356544051126,0.812197666982791,1.2592265439502,1.23928402223631,1.13519623755447,1.19898011469937,1.15987706567938,1.1907385475027,1.28084558570231,1.05664954036551,0.886595828775498
"TAG.50.4.0",0.201622753943209,0.388061158230927,0.43901860711139,0.351867437327783,0.355620547325298,0.556559442328658,0.366645947408304,0.407371298358491,0.545624997820443,0.354164237946961,0.60321702446637,0.182171402775678,0.448817075487898,0.142949723233152,0.438215119072896,0.537765740789339,0.0518414796605701,0.544464584182957,0.272369141162649,0.626842730084304,0.225763220090668,0.479621941624106,0.136436618986489,0.13082692661091,0.433893998155576,-0.0942278594052388,0.888479373639728,0.30170541300393,0.493765910384787,0.556923657087185,0.640161755425811,0.3546157845223,0.773163097093412,0.191834804462952,0.505003500934944,0.575699582528288,0.523128873298402,0.437799376399996,0.401034821070744,0.481261531575326,0.67867056814438,0.25739507954373,0.229006078501203
"TAG.51.2.0",0.725578151815654,0.526153422152491,0.629457918016623,0.437750492906828,0.301006968641362,0.763884067403159,0.390491544762224,0.317357276135824,0.575489635721301,0.452676057213759,0.719770997177991,0.218518158081875,0.618388764099401,0.510238434520587,0.346436129178127,0.495424980127676,0.541693670755653,0.690632091516067,0.662238123075183,0.621182048901507,0.513572421726075,0.549640617857189,0.52466594075657,0.650320718932222,0.47922316584657,0.6521575573056,0.914801200654846,0.777732513650771,0.5593046445136,0.595724965090288,0.962266028392908,0.671676929231212,0.8155772628162,0.430014677426373,0.498437324594146,0.721277335635383,0.822186689874451,0.729464338157943,0.665711473445405,0.750058069440254,0.633594317993788,0.428062614807511,0.369120729567563
"TAG.51.3.0",0.410157162434808,0.255877013442623,0.320260878009893,0.161986304087839,0.205136314335175,0.499830974132443,0.0889025031928264,0.0961470428463444,0.135486305932965,0.245323228357189,0.290150283215661,-0.0208744235993471,0.39034834333554,0.230818228224955,0.19697978695333,0.381229684553351,0.286967565761866,0.451312983125523,0.29632498242532,0.340224553149094,0.287511116279965,0.265410274010559,0.17310177482756,0.368098827087564,0.157434941217268,0.333516972885268,0.602821532755125,0.312846297695201,0.359290862148684,0.357822787564136,0.685040167264492,0.373901735981564,0.453464079174604,0.211203841993511,0.224232582135232,0.361842565768553,0.537411347978385,0.452786387341759,0.414204847958116,0.408395574745442,0.435381124197388,0.0350611157164525,0.158847182916304
"TAG.52.2.0",1.71618736508555,1.92290304758642,2.0056899507243,1.62732766639771,1.80749854017633,2.00289407631285,1.71630450843687,1.70481131259586,1.86257831894698,1.90611957705773,2.03728732417065,1.61341488488501,1.96372580332718,1.80688595974814,1.77096429795454,1.93734679532094,1.93532905849748,2.17773962020027,2.27627127056402,2.16646368016896,1.78576658371739,1.93645695016637,1.92539018154309,1.72905222639266,1.89148373016541,1.87733540348306,2.591362241002,2.09972832531111,1.95227394525757,1.9140935689251,2.06528149750985,2.05488715631996,2.10446730786847,1.83807626300151,2.26622213400536,2.02844850988468,1.86992183220387,2.2051994455728,2.0038330312823,2.11489798987461,1.95461530623368,2.08353514955458,1.74891682366932
"TAG.52.3.0",1.60554940820674,1.88540199711624,1.89561955404143,1.56607340738411,1.88560482373233,1.91324382611954,1.52523647252919,1.64394389086643,1.63465890106329,1.88888750712595,1.80827480755246,1.59810645750815,1.91027823231884,1.6495720432224,1.79172053125143,1.97862733855512,1.85168540134695,2.06631940189906,2.08045173224556,2.0608620207982,1.8009742708647,1.89919207799196,1.68044490584953,1.57960385135748,1.79333178982296,1.40964248634991,2.41207377588001,1.82480601291779,1.94809219042756,1.89919102188123,1.84501771621475,1.93884031426575,1.95870973107689,1.71250756497351,2.12512165405345,1.848791332551,1.71556758425721,2.10181304860651,1.98612564252427,1.95506595818292,1.93672819302184,1.83162390645634,1.59617930120387
"TAG.52.4.0",1.09587619928077,1.48850771455723,1.38559321967708,1.18587175276642,1.50623053125673,1.43018018539822,1.06521888487448,1.22541101774484,1.1559245621099,1.44660162171218,1.3185954377379,1.16142870732181,1.44049168741694,1.10377921546738,1.415132836478,1.58427829417562,1.31887309945212,1.56509977793961,1.50306879296432,1.60761135883389,1.36333905270924,1.47906991096087,1.07441658837614,1.04205343510358,1.30818008225563,0.555251835633375,1.92826604912281,1.23330211690296,1.55776847932015,1.47790271212,1.33598960994746,1.45696842530994,1.52162982790763,1.22968149503323,1.62515551190138,1.35470721432426,1.27817453319597,1.60692351244319,1.51422163933845,1.43924674758876,1.54772399076679,1.19102096943719,1.08518435438749
"TAG.52.5.0",0.418722599238851,0.822211102334252,0.662209618244683,0.644116636555912,0.791691981469822,0.798748751113565,0.502311657911032,0.617235600265385,0.574573910965981,0.745441705907802,0.746481575828044,0.539920215337113,0.703021600719598,0.343460366195699,0.801334473546389,0.886567330423955,0.476600131657844,0.864442516637911,0.690215344339312,0.937991008628091,0.638996586822498,0.781824764334313,0.344417992452261,0.381125485256915,0.627435478380733,-0.0288691305726355,1.26554258215352,0.53802761515249,0.956640069504236,0.781032781728254,0.648244129045923,0.733748885877387,0.955750882707894,0.565962585909727,0.876513880350636,0.769096832178593,0.701696061920556,0.835189228041395,0.690841799394345,0.678223169528897,0.936004026752357,0.377095299980163,0.383060590638603
"TAG.52.6.0",-0.320901520809795,-0.0022540468754524,-0.124420026557007,0.121322327719376,-0.00116904324863608,0.0844941521348584,-0.238703520015752,-0.10664315075988,0.0925856791178665,0.0128210395007329,0.00600958798407808,-0.0252261683679454,0.00656182104778432,-0.0682705270717979,0.0498836253457636,0.154507957910843,0.00966294410207627,0.0684175150072987,-0.316558609072955,0.127153292666269,-0.114960312541926,-0.0919396444049378,-0.0462542008747917,-0.0396218020229315,-0.127606095640856,0.0697629092418884,0.449754314050631,-0.0181926563621814,0.38651332163231,0.0665119179364398,-0.121864156821464,-9.35156782553387e-05,0.459023288595772,-0.136559488733173,-0.0414527085372139,0.173367924404975,-0.059308397485766,-0.0339510926630477,-0.262285885793245,-0.174833065132657,0.350602290737516,-0.0415692429474207,-0.0115462251860657
"TAG.53.2.0",0.155942258547304,0.274669033160568,0.337181728386378,0.00508832788316449,0.0947444390394825,0.431791841680008,0.0429539424419103,0.111178156827175,0.579949388141009,0.215990997917799,0.475232675936032,0.0116111944565475,0.333235121605385,0.109107133366159,0.1308550669101,0.237876639000461,0.209394121094464,0.41589473536084,0.49845577419943,0.298316920964531,0.142182450071007,0.185662623586588,0.244967301136107,0.145971638808328,0.137457138466125,-0.00930924569717424,0.79142296035274,0.567645445566137,0.298683413631655,0.372928502318854,0.676361787839484,0.187386291546332,0.49625173797696,0.0781827747620072,0.341152329949405,0.409787269815269,0.53594285687228,0.522907001962296,0.369472547026591,0.550447990105814,0.303216446172804,0.274645129902953,0.182896891297339
"TAG.53.3.0",0.179062726051032,0.239776001180744,0.314668439206738,0.0616058701197544,0.125572352474873,0.450637024283091,0.0180642898832562,0.0969517416427413,0.0884915020314991,0.301132473003297,0.346353269413819,0.124050031349111,0.340501130240016,0.0741948260195942,0.224318604991141,0.308433955579714,0.205696557440932,0.397195370212429,0.429925806036999,0.315774405095369,0.182116064729629,0.24222609905854,0.155888968286875,0.122519612960847,0.179638079999601,-0.111443823249081,0.772505943662957,0.490678875517568,0.352618663621987,0.400582330243337,0.56077762081586,0.136252933235681,0.441886455532289,0.0610340058746659,0.361752298222641,0.311915110172049,0.446632609913894,0.528554925437002,0.422217334204204,0.496131276184985,0.333989247708837,0.224783713693057,0.159575782882848
"TAG.53.4.0",-0.1247793971526,0.0208242830018781,-0.0319674348173555,-0.207527925798565,-0.0595241021387854,-0.00532803930390131,-0.332407257775808,-0.287083574837287,-0.0551638494304511,-0.0425723114150215,-0.078766816008853,-0.266115939093621,0.0205053403201049,-0.368725370297144,-0.0186702246959697,0.0833056003792863,-0.245136172828757,0.068006251894927,-0.00180700157045416,-0.053345344093934,-0.104440738649256,0.0087038033184084,-0.131396364751612,-0.245631358813461,-0.155471432854607,-0.101156933080033,0.365935206370987,-0.0300156996431022,0.128047147130996,0.10353892692629,0.23223251343148,9.35846239480197e-05,0.107448629116968,-0.193106092966534,-0.00532608758447829,-0.049712964849063,0.130060353934365,0.160194836686901,0.0470708094139546,0.0567637728692568,0.0172505860838853,-0.25645561189652,-0.283301121608316
"TAG.54.2.0",0.898838725649889,0.80600148065946,0.751225796444632,0.485640986573215,0.722743290060368,0.765902059512036,0.688985625737726,0.547570898353106,1.33634508991716,0.785445550877217,0.972927069811565,0.762036898431222,0.775942263369998,0.727166872414289,0.66493160368478,0.81907859791115,0.77632068254785,0.912760968478212,1.02062499939722,0.956029627066726,0.76050418701525,0.79257386483686,0.785846096676392,0.888417184038693,0.652497617565532,0.950083380630524,1.40925156374784,0.903999985956193,0.869249736061763,0.809598825976607,1.04359731359918,0.83789236141466,1.05556873365193,0.709820253354974,1.08481076702599,0.806978817196871,0.75679084148474,0.963070323999253,0.823305343821836,0.987138111188437,0.796943615560496,1.17045738036931,0.728458347397625
"TAG.54.3.0",1.16459021419789,1.32078305577391,1.37532925617812,1.05772022699149,1.20708607029338,1.28204805253328,0.998305227126611,1.10317343054799,1.17296428974399,1.40469174301281,1.32056013940025,1.13563200094483,1.24137557648155,1.39276741142833,1.22393664690916,1.36886655476417,1.44752515154039,1.49643427205853,1.60142650743258,1.44250257056846,1.26474722774635,1.28607198196998,1.32062178526029,1.10044258281783,1.3209514968358,1.2613916987029,1.93290022612088,1.5280050075567,1.30984170291203,1.29040195502128,1.54155257524279,1.44139922520964,1.41239252376125,1.26878766647367,1.6599259285528,1.24278411044175,1.21287684845013,1.60553189546503,1.303870138194,1.51052893198413,1.31121365346436,1.70186532378115,1.24360626058245
"TAG.54.4.0",1.04594267174272,1.31651160148571,1.25971126666504,1.00354736540001,1.27407921355659,1.20789825908704,0.865925672096538,1.09136644035372,0.927756521130769,1.35981397720498,1.13023244237195,1.08559909072732,1.1717841061903,1.18736096183735,1.24618003353986,1.41187383290852,1.35087704051735,1.40770221699851,1.39942147602294,1.35223554057456,1.24853758576072,1.26449742407885,1.04104100243692,1.04095633603852,1.20045215689813,0.726718572382598,1.80937765796807,1.24154373207925,1.28670476749276,1.26372121908223,1.29934671248042,1.29183312433036,1.31181883695754,1.1665862934977,1.51464626820997,1.14831834764342,1.07185353367062,1.49277745195238,1.27715486443631,1.34367618372768,1.31135400484154,1.34104235417622,1.09678534924482
"TAG.54.5.0",0.898410172609762,1.2179697648248,1.04355605427018,0.906072497424211,1.11708406145696,1.06150858940035,0.75092138296592,0.937369240621676,0.852758820523535,1.16486925719314,0.997501389299897,0.865213633271298,1.02639499968349,0.886932787007098,1.06605249134823,1.2534736150028,1.0622850266973,1.22221281663977,1.22212891579344,1.24005199609663,1.04828999480723,1.07917387229866,0.813730301629865,0.810276442607768,0.969021146846904,0.444013655679904,1.61761895545984,1.02583006511696,1.18801639077678,1.08634721425399,1.02681666676274,1.12694363481694,1.19349382038427,0.9889171739232,1.25062326504843,0.991377556765365,0.97678462884704,1.23293598930692,1.10516188460729,1.08285502607877,1.16546697401253,0.932815833066083,0.842419664305353
"TAG.54.6.0",0.575293217951755,1.04186859461588,0.690513621424603,0.712949403807517,0.842189188866987,0.80411038269155,0.461174504965221,0.625552334459167,0.516680511829352,0.903101725852333,0.709562508999735,0.482807542075081,0.787957903653736,0.638123316564971,0.754516827300394,0.928189517501314,0.622309808855899,0.909242885510587,0.940344651675346,1.01678441420806,0.776857955432226,0.774466507140885,0.599284031717561,0.52997602332944,0.639798564786908,0.0580899017750015,1.27030848287578,0.799153955186449,1.14569898630011,0.779618076990174,0.613302130128328,0.901866087483397,1.06515253416598,0.682315715638083,0.859729656240579,0.757230810638559,0.65313519714782,0.865182142080624,0.78498204047398,0.725089777420479,0.962564775742281,0.376343153732885,0.436171383456205
"TAG.54.7.0",0.129377565203091,0.544964787849642,0.194838133871631,0.365483382307696,0.357707321044417,0.402415994142244,-0.0414151183933457,0.0957626828098968,-0.0183441805656991,0.456462907558506,0.242392972321188,-0.0488211062477657,0.367415050870106,0.146341322778367,0.273520944795787,0.426036901568807,0.250157803560585,0.307050258995243,0.353092759122188,0.504812908874556,0.273641663062256,0.209026987674849,0.0891124033309731,0.00557333045195622,0.16527977539181,0.212964796443834,0.716151277540756,0.285855268185706,0.832151531705814,0.268007819823827,0.221453032018794,0.4548693511307,0.658721622443869,0.144331837163011,0.197745923033897,0.282967752985851,0.231795445556268,0.315742141223487,0.199513231140135,0.189505703300208,0.610362990707696,-0.280751517236931,0.128513126090304
"TAG.56.3.0",0.0625492879186706,-0.133652025972541,-0.104728991126689,-0.313194160771984,-0.208558690226834,-0.309173024021663,-0.382289716204794,-0.275902784800258,1.08840648937331,-0.257705269971724,-0.198035308262204,0.177766245178409,-0.360482973178061,-0.189365010833636,-0.25500141459782,-0.204032272192087,-0.159553679903201,-0.0167492637569561,0.00381422654703882,-0.0711794993012295,-0.222476356152952,-0.256639583144918,-0.174430400688712,0.0364503459545743,-0.409271407849819,0.196038871329482,0.301708861210247,-0.00473058047574052,-0.0755360675448066,-0.104469278333633,0.21639337880307,-0.247116990156764,0.105069471920737,-0.407965894376861,0.192290816286761,-0.261943942694044,-0.13561291371286,0.0570549278650895,-0.421434331993048,-0.0088566845780661,-0.229855408237076,0.141305054793323,-0.271409565640156
"TAG.56.4.0",0.0191622501686786,-0.0228548007985569,0.0139939983159652,-0.28579184213053,-0.108845572017746,-0.01389536991912,-0.240926154542094,-0.0866308987060809,0.250277216429753,-0.209715188537622,-0.00609382405022151,-0.0680031941677327,-0.268941202866951,-0.120406984661776,-0.0657596659535486,-0.0248833289854496,-0.15022026385798,0.0622538973888717,-0.0580966256039251,0.0286862628088844,-0.0897413146012333,0.0328762916572296,-0.0823138362342373,0.00170997942552708,-0.206752122901101,-0.109270726261796,0.352022978146542,-0.05379796331451,0.00973065894685469,-0.066680906818871,0.227131896589275,-0.00272444674009318,0.133507825620462,-0.141541805051491,0.268835815140004,-0.118425881949699,-0.0811649932943467,0.0984648183627397,-0.143104236014646,0.024352079233275,-0.0608821555006374,0.209402476451531,-0.0683637992540076
"TAG.56.5.0",0.469882024446535,0.454178187809191,0.631440273985889,0.255730961176213,0.474868072608496,0.572497125627858,0.246054395557619,0.35860380026335,0.3138638875631,0.762661307891177,0.599063108159581,0.149722311332442,0.54652691524221,0.362932875744837,0.529870313597341,0.596190014308429,0.454047102620998,0.690726337157275,0.840098092728163,0.659015283698047,0.624207414701333,0.516981096162813,0.320658720636042,0.244826693079271,0.425445338136128,0.227759299327114,1.09973561519936,0.627661309874991,0.576911345327763,0.497337763605426,0.547549895778993,0.686797372632271,0.656499245525724,0.506406545416349,0.755415132573718,0.509182085880344,0.486241542294438,0.695401097150283,0.65364010143682,0.614141619072995,0.392436581553527,0.676922885855274,0.418254811561631
"TAG.56.6.0",0.616977413260338,0.617823680201311,0.781675997083209,0.564079270866641,0.803285488619308,0.875382338572311,0.41526946771487,0.566053094771638,0.53966883390676,0.93193731506495,0.751344997355138,0.365176566882892,0.802324234976661,0.452483060793396,0.714721980046892,0.872026813238771,0.706270955681457,0.906494275846164,0.951033193475733,0.883919352958684,0.791004595305569,0.756932022836563,0.51101749350866,0.470933689660209,0.61588982461466,0.126153812738842,1.28508856194327,0.666636417765272,0.966071491459094,0.730584435492229,0.66296054909477,0.873892286076962,0.92800500372206,0.737384098568545,0.882585969052995,0.69332429028045,0.723568231873409,0.849317248935396,0.814805190199809,0.762813781723847,0.743752531056972,0.649651985414184,0.621267891593743
"TAG.56.7.0",0.647092871506233,0.757547268363795,0.73296427155916,0.718267012035159,0.848230421958494,0.903257731875736,0.269898430210018,0.547138825446081,0.517846186153339,1.06961121076401,0.718316193796012,0.350765005844493,0.92841919555216,0.354727943284077,0.75479934566136,0.915127490015353,0.735770681461323,0.84448147864225,0.975537570852915,0.947833699231556,0.883195373109973,0.666848186268214,0.542909612107501,0.387492030918955,0.665020050751182,0.720754505229056,1.17946170506719,0.615178976658345,1.33162036368948,0.794296912870277,0.571362303328099,1.00935030735163,1.07615445983569,0.754092275300275,0.754613729236118,0.708508929486514,0.687034011969669,0.850303050716435,0.843889818804445,0.722689211680756,1.02381546025251,0.310349810688577,0.473587068778618
"TAG.56.8.0",0.264472550924489,0.40932847811951,0.305778019056886,0.423724822800293,0.542113644263604,0.501685990117279,0.0419902967839108,0.138855582389099,0.108820554638331,0.737509773417216,0.246237678362481,-0.0326743206385117,0.559217160844586,0.187714147852123,0.358900569044097,0.5383172560533,0.331446163599012,0.41773206251667,0.52978593804141,0.622160350991,0.572091688074007,0.269625250898365,0.0550356045406482,-0.0119209712103022,0.302502200118376,0.262714357844617,0.742695506594005,0.350315154208399,1.04068716804912,0.446832256211348,0.11007846331163,0.618024997069023,0.711771211382892,0.356998680349268,0.316347845068028,0.305807559829405,0.232080234520629,0.402565949594798,0.531472120319452,0.271624399333998,0.724684694799592,-0.316302846135436,0.0222807806118108
"TAG.58.7.0",0.0100780236828774,0.000536390059032665,-0.0722521525958161,-0.0525375369318256,-0.00696977223121394,0.00526355296401509,-0.551146574055218,-0.075786067427295,-0.039325151707999,0.217485510840764,0.0249816787028833,-0.0978963653756916,0.0523874347075042,-0.289960541460804,-0.076804256160983,0.0228969587777088,-0.147753585619566,-0.0170026819345532,0.0894404937509462,0.099619339250878,-0.00583416461416739,-0.0724872908212129,-0.114358587126049,-0.0230581628103089,-0.19633101288387,-0.0468882071101384,0.403705769000807,-0.0754740495473889,0.402939616688916,-0.0668614181239952,-0.0769476349473818,0.170269296675805,0.226331681197154,-0.034772538065467,0.0387321150530942,0.014004281306999,0.0153254016444107,0.0362792599390317,-0.0113857705377886,0.0086797590486716,0.00677483764786235,-0.0911307985301175,-0.183927304096991
"TAG.58.8.0",0.131717769207108,-0.158210996984672,0.0683362219818111,0.175343559307675,0.113061070164747,0.161731192773403,-0.189407036653051,-0.174689478037623,-0.0572277192105098,0.407917821743865,0.0149153976802463,-0.249551621292108,0.222218464398936,0.0610604579753654,-0.00215853810028126,-0.0834037572073748,-0.0365883027002419,0.0474109297263897,-0.0702851742016567,0.244601505997337,0.187619796261781,0.0345349790605027,0.0483691289650974,0.170079853395619,0.0586061631669599,0.141662072703382,0.425976801731593,0.0157295096245809,0.679832450890107,0.121148482686648,0.0346137792990923,0.309934831666705,0.342835282534583,0.126344260071395,-0.19082637766691,-0.15650371130511,0.135858855158135,0.03628963448721,0.0110949699300663,0.0406555251393072,0.337453151943918,-0.333142705218105,-0.165021718896354
